rank,item,repo_name,stars,forks,watchers,language,repo_url,username,pullRequests,milestones,issues,totalIssues,created,last_commit,description
1,top-100-stars,freeCodeCamp,337864,27621,8462,JavaScript,https://github.com/freeCodeCamp/freeCodeCamp,freeCodeCamp,28400,25,102,15677,2014-12-24T17:49:19Z,2021-12-31T13:40:42Z,freeCodeCamp.org's open-source codebase and curriculum. Learn to code for free.
2,top-100-stars,996.ICU,260302,21429,4343,Rust,https://github.com/996icu/996.ICU,996icu,1919,3,0,0,2019-03-26T07:31:14Z,2021-12-31T13:17:29Z,Repo for counting stars and contributing. Press F to pay respect to glorious developers.
3,top-100-stars,free-programming-books,217791,46688,9631,,https://github.com/EbookFoundation/free-programming-books,EbookFoundation,5857,0,31,676,2013-10-11T06:50:37Z,2021-12-31T13:48:30Z,:books: Freely available programming books
4,top-100-stars,coding-interview-university,202163,54429,8450,,https://github.com/jwasham/coding-interview-university,jwasham,684,0,32,298,2016-06-06T02:34:12Z,2021-12-31T13:50:50Z,A complete computer science study plan to become a software engineer.
5,top-100-stars,vue,191799,31047,6183,JavaScript,https://github.com/vuejs/vue,vuejs,2125,14,322,9648,2013-07-29T03:24:51Z,2021-12-31T13:21:45Z,"ğŸ–– Vue.js is a progressive, incrementally-adoptable JavaScript framework for building UI on the web."
6,top-100-stars,awesome,182400,22446,7300,,https://github.com/sindresorhus/awesome,sindresorhus,1729,0,22,291,2014-07-11T13:42:37Z,2021-12-31T13:50:39Z,ğŸ˜ Awesome lists about all kinds of interesting topics
7,top-100-stars,developer-roadmap,181981,26147,8027,TypeScript,https://github.com/kamranahmedse/developer-roadmap,kamranahmedse,234,0,82,556,2017-03-15T13:45:52Z,2021-12-31T13:30:05Z,Roadmap to becoming a developer in 2021
8,top-100-stars,react,179954,36545,6668,JavaScript,https://github.com/facebook/react,facebook,11736,39,686,11028,2013-05-24T16:15:54Z,2021-12-31T13:48:29Z,"A declarative, efficient, and flexible JavaScript library for building user interfaces."
9,top-100-stars,public-apis,172806,19939,3392,Python,https://github.com/public-apis/public-apis,public-apis,2584,0,6,342,2016-03-20T23:49:42Z,2021-12-31T13:32:45Z,A collective list of free APIs
10,top-100-stars,tensorflow,161553,86033,7948,C++,https://github.com/tensorflow/tensorflow,tensorflow,19533,9,2480,33680,2015-11-07T01:19:20Z,2021-12-31T11:40:53Z,An Open Source Machine Learning Framework for Everyone
11,top-100-stars,system-design-primer,156756,28939,5927,Python,https://github.com/donnemartin/system-design-primer,donnemartin,395,0,143,204,2017-02-26T16:15:28Z,2021-12-31T13:50:42Z,Learn how to design large-scale systems. Prep for the system design interview.  Includes Anki flashcards.
12,top-100-stars,bootstrap,154677,75639,7004,JavaScript,https://github.com/twbs/bootstrap,twbs,13182,36,337,21015,2011-07-29T21:19:00Z,2021-12-31T12:36:39Z,"The most popular HTML, CSS, and JavaScript framework for developing responsive, mobile first projects on the web."
13,top-100-stars,You-Dont-Know-JS,147848,29410,5991,,https://github.com/getify/You-Dont-Know-JS,getify,848,0,84,885,2013-11-16T02:37:24Z,2021-12-31T13:50:48Z,A book series on JavaScript. @YDKJS on twitter.
14,top-100-stars,CS-Notes,144091,45965,5438,Java,https://github.com/CyC2018/CS-Notes,CyC2018,571,0,94,526,2018-02-13T14:56:24Z,2021-12-31T13:50:59Z,:books: æŠ€æœ¯é¢è¯•å¿…å¤‡åŸºç¡€çŸ¥è¯†ã€Leetcodeã€è®¡ç®—æœºæ“ä½œç³»ç»Ÿã€è®¡ç®—æœºç½‘ç»œã€ç³»ç»Ÿè®¾è®¡
15,top-100-stars,ohmyzsh,138642,23431,2672,Shell,https://github.com/ohmyzsh/ohmyzsh,ohmyzsh,6292,1,190,4026,2009-08-28T18:15:37Z,2021-12-31T13:27:56Z,"ğŸ™ƒ   A delightful community-driven (with 2,000+ contributors) framework for managing your zsh configuration. Includes 300+ optional plugins (rails, git, macOS, hub, docker, homebrew, node, php, python, etc), 140+ themes to spice up your morning, and an auto-update tool so that makes it easy to keep up with the latest updates from the community."
16,top-100-stars,flutter,133763,20007,3562,Dart,https://github.com/flutter/flutter,flutter,32288,61,9914,63244,2015-03-06T22:54:58Z,2021-12-31T13:22:01Z,Flutter makes it easy and fast to build beautiful apps for mobile and beyond
17,top-100-stars,javascript-algorithms,131189,21495,4311,JavaScript,https://github.com/trekhleb/javascript-algorithms,trekhleb,543,0,86,256,2018-03-24T07:47:04Z,2021-12-31T13:28:11Z,ğŸ“ Algorithms and data structures implemented in JavaScript with explanations and links to further readings
18,top-100-stars,gitignore,127794,71329,3204,,https://github.com/github/gitignore,github,3872,0,0,0,2010-11-08T20:17:14Z,2021-12-31T13:29:39Z,A collection of useful .gitignore templates
19,top-100-stars,build-your-own-x,126740,11701,3909,,https://github.com/danistefanovic/build-your-own-x,danistefanovic,210,0,140,459,2018-05-09T12:03:18Z,2021-12-31T13:44:18Z,ğŸ¤“ Build your own (insert technology here)
20,top-100-stars,Python,126072,33653,5913,Python,https://github.com/TheAlgorithms/Python,TheAlgorithms,4921,0,14,881,2016-07-16T09:44:01Z,2021-12-31T12:48:27Z,All Algorithms implemented in Python
1,top-100-forks,datasharing,5977,239539,559,,https://github.com/jtleek/datasharing,jtleek,698,0,275,318,2013-11-07T13:25:07Z,2021-12-31T07:00:54Z,The Leek group guide to data sharing 
2,top-100-forks,ProgrammingAssignment2,716,139784,130,R,https://github.com/rdpeng/ProgrammingAssignment2,rdpeng,5123,0,178,199,2014-01-14T22:07:41Z,2021-12-27T19:17:46Z,Repository for Programming Assignment 2 for R Programming on Coursera
3,top-100-forks,Spoon-Knife,10663,121070,489,HTML,https://github.com/octocat/Spoon-Knife,octocat,22758,0,1140,1522,2011-01-27T19:30:43Z,2021-12-31T13:01:14Z,This repo is for demonstration purposes only.
4,top-100-forks,SmartThingsPublic,2207,87069,340,Groovy,https://github.com/SmartThingsCommunity/SmartThingsPublic,SmartThingsCommunity,77134,0,56,115,2015-08-04T22:48:02Z,2021-12-30T08:13:50Z,SmartThings open-source DeviceTypeHandlers and SmartApps code
5,top-100-forks,tensorflow,161553,86033,7948,C++,https://github.com/tensorflow/tensorflow,tensorflow,19533,9,2480,33680,2015-11-07T01:19:20Z,2021-12-31T11:40:53Z,An Open Source Machine Learning Framework for Everyone
6,top-100-forks,bootstrap,154677,75639,7004,JavaScript,https://github.com/twbs/bootstrap,twbs,13182,36,337,21015,2011-07-29T21:19:00Z,2021-12-31T12:36:39Z,"The most popular HTML, CSS, and JavaScript framework for developing responsive, mobile first projects on the web."
7,top-100-forks,gitignore,127794,71329,3204,,https://github.com/github/gitignore,github,3872,0,0,0,2010-11-08T20:17:14Z,2021-12-31T13:29:39Z,A collection of useful .gitignore templates
8,top-100-forks,Complete-Python-3-Bootcamp,18450,64058,2557,Jupyter Notebook,https://github.com/Pierian-Data/Complete-Python-3-Bootcamp,Pierian-Data,161,0,57,241,2018-02-12T19:30:10Z,2021-12-31T06:38:51Z,Course Files for Complete Python 3 Bootcamp Course on Udemy
9,top-100-forks,cgm-remote-monitor,1677,60727,263,JavaScript,https://github.com/nightscout/cgm-remote-monitor,nightscout,6368,18,99,893,2014-05-22T00:32:28Z,2021-12-31T00:23:45Z,nightscout web monitor
10,top-100-forks,ExData_Plotting1,215,56125,23,,https://github.com/rdpeng/ExData_Plotting1,rdpeng,895,0,75,100,2014-02-09T03:37:01Z,2021-12-26T21:38:13Z,Plotting Assignment 1 for Exploratory Data Analysis
11,top-100-forks,coding-interview-university,202163,54429,8450,,https://github.com/jwasham/coding-interview-university,jwasham,684,0,32,298,2016-06-06T02:34:12Z,2021-12-31T13:50:50Z,A complete computer science study plan to become a software engineer.
12,top-100-forks,opencv,58933,49703,2653,C++,https://github.com/opencv/opencv,opencv,12741,49,1961,8559,2012-07-19T09:40:17Z,2021-12-31T13:29:21Z,Open Source Computer Vision Library
13,top-100-forks,free-programming-books,217791,46688,9631,,https://github.com/EbookFoundation/free-programming-books,EbookFoundation,5857,0,31,676,2013-10-11T06:50:37Z,2021-12-31T13:48:30Z,:books: Freely available programming books
14,top-100-forks,tutorials,28715,46083,1539,Java,https://github.com/eugenp/tutorials,eugenp,11096,0,19,544,2013-04-29T18:26:36Z,2021-12-31T09:12:03Z,"Just Announced - ""Learn Spring Security OAuth"": "
15,top-100-forks,CS-Notes,144091,45965,5438,Java,https://github.com/CyC2018/CS-Notes,CyC2018,571,0,94,526,2018-02-13T14:56:24Z,2021-12-31T13:50:59Z,:books: æŠ€æœ¯é¢è¯•å¿…å¤‡åŸºç¡€çŸ¥è¯†ã€Leetcodeã€è®¡ç®—æœºæ“ä½œç³»ç»Ÿã€è®¡ç®—æœºç½‘ç»œã€ç³»ç»Ÿè®¾è®¡
16,top-100-forks,models,72364,45313,2884,Python,https://github.com/tensorflow/models,tensorflow,3573,1,1125,6732,2016-02-05T01:15:20Z,2021-12-31T13:12:26Z,Models and examples built with TensorFlow
17,top-100-forks,Python-100-Days,113561,44182,6174,Python,https://github.com/jackfrued/Python-100-Days,jackfrued,269,0,443,534,2018-03-01T16:05:52Z,2021-12-31T12:49:06Z,Python - 100å¤©ä»æ–°æ‰‹åˆ°å¤§å¸ˆ
18,top-100-forks,first-contributions,21894,41934,476,,https://github.com/firstcontributions/first-contributions,firstcontributions,45806,0,51,390,2016-09-20T14:35:09Z,2021-12-31T11:00:24Z,ğŸš€âœ¨ Help beginners to contribute to open source projects
19,top-100-forks,linux,123420,40447,7909,C,https://github.com/torvalds/linux,torvalds,761,0,0,0,2011-09-04T22:48:12Z,2021-12-31T13:39:24Z,Linux kernel source tree
20,top-100-forks,JavaGuide,115130,39312,4594,Java,https://github.com/Snailclimb/JavaGuide,Snailclimb,771,0,64,708,2018-05-07T13:27:00Z,2021-12-31T13:26:12Z,ã€ŒJavaå­¦ä¹ +é¢è¯•æŒ‡å—ã€ä¸€ä»½æ¶µç›–å¤§éƒ¨åˆ† Java ç¨‹åºå‘˜æ‰€éœ€è¦æŒæ¡çš„æ ¸å¿ƒçŸ¥è¯†ã€‚å‡†å¤‡ Java é¢è¯•ï¼Œé¦–é€‰ JavaGuideï¼
1,Ruby,rails,49810,19984,2435,Ruby,https://github.com/rails/rails,rails,28582,77,356,15229,2008-04-11T02:19:47Z,2021-12-31T12:54:39Z,Ruby on Rails
2,Ruby,jekyll,43854,9656,1446,Ruby,https://github.com/jekyll/jekyll,jekyll,4188,71,89,4500,2008-10-20T06:29:03Z,2021-12-31T12:57:34Z,:globe_with_meridians: Jekyll is a blog-aware static site generator in Ruby
3,Ruby,discourse,34671,7492,906,Ruby,https://github.com/discourse/discourse,discourse,14992,1,0,0,2013-01-12T00:25:55Z,2021-12-31T12:43:07Z,"A platform for community discussion. Free, open, simple."
4,Ruby,fastlane,33412,5074,742,Ruby,https://github.com/fastlane/fastlane,fastlane,6856,23,128,11828,2014-12-02T17:00:38Z,2021-12-31T10:04:26Z,ğŸš€ The easiest way to automate building and releasing your iOS and Android apps
5,Ruby,huginn,32901,3123,725,Ruby,https://github.com/huginn/huginn,huginn,1160,7,494,1887,2013-03-10T06:00:31Z,2021-12-31T10:40:22Z,Create agents that monitor and act on your behalf.  Your agents are standing by!
6,Ruby,brew,30427,7014,677,Ruby,https://github.com/Homebrew/brew,Homebrew,8572,4,28,3383,2016-03-06T05:08:38Z,2021-12-31T13:24:15Z,ğŸº The missing package manager for macOS (or Linux)
7,Ruby,awesome-awesomeness,28362,3457,1712,Ruby,https://github.com/bayandin/awesome-awesomeness,bayandin,393,1,11,60,2014-07-08T05:44:19Z,2021-12-31T03:40:10Z,A curated list of awesome awesomeness
8,Ruby,devdocs,27327,1843,622,Ruby,https://github.com/freeCodeCamp/devdocs,freeCodeCamp,689,0,99,968,2013-10-24T18:16:07Z,2021-12-31T11:53:01Z,API Documentation Browser
9,Ruby,mastodon,26193,4260,642,Ruby,https://github.com/mastodon/mastodon,mastodon,10768,2,1971,6363,2016-02-22T15:01:25Z,2021-12-31T11:54:21Z,"Your self-hosted, globally interconnected microblogging community"
10,Ruby,metasploit-framework,25985,11864,2004,Ruby,https://github.com/rapid7/metasploit-framework,rapid7,10874,5,465,4891,2011-08-30T06:13:20Z,2021-12-31T13:35:18Z,Metasploit Framework
11,Ruby,vagrant,23150,4192,748,Ruby,https://github.com/hashicorp/vagrant,hashicorp,3551,48,528,9027,2010-01-21T08:34:27Z,2021-12-31T12:59:19Z,Vagrant is a tool for building and distributing development environments.
12,Ruby,gitlabhq,22800,5695,1003,Ruby,https://github.com/gitlabhq/gitlabhq,gitlabhq,3619,33,0,0,2011-10-02T16:25:27Z,2021-12-31T12:13:19Z,GitLab CE Mirror | Please open new issues in our issue tracker on GitLab.com
13,Ruby,devise,22103,5340,475,Ruby,https://github.com/heartcombo/devise,heartcombo,1350,10,120,4068,2009-09-16T12:15:12Z,2021-12-31T12:35:05Z,Flexible authentication solution for Rails with Warden.
14,Ruby,engineering-blogs,20638,547,899,Ruby,https://github.com/kilimchoi/engineering-blogs,kilimchoi,963,0,4,78,2015-06-13T18:25:17Z,2021-12-31T06:49:06Z,A curated list of engineering blogs
15,Ruby,homebrew-cask,18789,9543,312,Ruby,https://github.com/Homebrew/homebrew-cask,Homebrew,110518,1,20,5963,2012-03-05T02:05:17Z,2021-12-31T10:23:51Z,ğŸ» A CLI workflow for the administration of macOS applications distributed as binaries
16,Ruby,ruby,18756,5587,1147,Ruby,https://github.com/ruby/ruby,ruby,5345,2,0,0,2010-02-27T15:55:23Z,2021-12-31T11:14:29Z,The Ruby Programming Language [mirror]
17,Ruby,forem,18422,3241,360,Ruby,https://github.com/forem/forem,forem,11166,4,362,4262,2016-11-13T23:02:13Z,2021-12-30T18:02:24Z,For empowering community ğŸŒ±
18,Ruby,CocoaPods,13526,2497,562,Ruby,https://github.com/CocoaPods/CocoaPods,CocoaPods,2051,59,276,8966,2011-08-14T00:10:53Z,2021-12-31T12:01:50Z,The Cocoa Dependency Manager.
19,Ruby,diaspora,12941,2936,489,Ruby,https://github.com/diaspora/diaspora,diaspora,3604,50,418,4692,2010-09-15T05:20:04Z,2021-12-30T12:34:33Z,"A privacy-aware, distributed, open source social network."
20,Ruby,bootstrap-sass,12725,3675,561,Ruby,https://github.com/twbs/bootstrap-sass,twbs,388,15,13,826,2011-09-06T18:58:49Z,2021-12-28T16:08:12Z,Official Sass port of Bootstrap 2 and 3.
1,C,linux,123420,40447,7909,C,https://github.com/torvalds/linux,torvalds,761,0,0,0,2011-09-04T22:48:12Z,2021-12-31T13:39:24Z,Linux kernel source tree
2,C,scrcpy,59318,6225,1000,C,https://github.com/Genymobile/scrcpy,Genymobile,257,2,850,2624,2017-11-21T18:00:27Z,2021-12-31T13:44:05Z,Display and control your Android device
3,C,netdata,57174,5137,1405,C,https://github.com/netdata/netdata,netdata,5443,49,161,6432,2013-06-17T18:39:10Z,2021-12-31T13:00:31Z,"Real-time performance monitoring, done right! https://www.netdata.cloud"
4,C,redis,52555,20531,2640,C,https://github.com/redis/redis,redis,4731,8,1614,5174,2009-03-21T22:32:25Z,2021-12-31T12:08:13Z,"Redis is an in-memory database that persists on disk. The data model is key-value, but many different kind of values are supported: Strings, Lists, Sets, Sorted Sets, Hashes, Streams, HyperLogLogs, Bitmaps."
5,C,git,40587,22696,2311,C,https://github.com/git/git,git,1001,0,0,0,2008-07-23T14:21:26Z,2021-12-31T13:02:10Z,Git Source Code Mirror - This is a publish-only repository but pull requests can be turned into patches to the mailing list via GitGitGadget (https://gitgitgadget.github.io/). Please follow Documentation/SubmittingPatches procedure for any of your improvements.
6,C,obs-studio,34720,5488,1395,C,https://github.com/obsproject/obs-studio,obsproject,3728,8,466,1806,2013-10-01T02:40:31Z,2021-12-31T13:38:46Z,OBS Studio - Free and open source software for live streaming and screen recording
7,C,php-src,33024,7016,1459,C,https://github.com/php/php-src,php,7774,4,30,61,2011-06-16T01:52:25Z,2021-12-31T11:17:11Z,The PHP Interpreter
8,C,wrk,30936,2557,750,C,https://github.com/wg/wrk,wg,117,0,109,360,2012-03-20T11:12:28Z,2021-12-31T12:19:33Z,Modern HTTP benchmarking tool
9,C,ijkplayer,29814,7721,1217,C,https://github.com/bilibili/ijkplayer,bilibili,217,0,2643,5132,2013-06-03T04:12:04Z,2021-12-31T09:25:42Z,"Android/iOS video player based on FFmpeg n3.4, with MediaCodec, VideoToolbox support."
10,C,Ventoy,29776,2233,480,C,https://github.com/ventoy/Ventoy,ventoy,201,2,232,1062,2020-03-10T15:19:19Z,2021-12-31T13:42:03Z,A new bootable USB solution.
11,C,FFmpeg,27555,9063,1264,C,https://github.com/FFmpeg/FFmpeg,FFmpeg,375,0,0,0,2011-04-14T14:12:38Z,2021-12-31T09:30:20Z,Mirror of https://git.ffmpeg.org/ffmpeg.git
12,C,tmux,23450,1645,427,C,https://github.com/tmux/tmux,tmux,462,0,18,2554,2015-06-03T23:32:55Z,2021-12-31T12:39:40Z,tmux source code
13,C,the_silver_searcher,23074,1320,426,C,https://github.com/ggreer/the_silver_searcher,ggreer,677,1,384,785,2011-11-19T19:50:47Z,2021-12-31T13:22:11Z,"A code-searching tool similar to ack, but faster."
14,C,curl,23025,4802,713,C,https://github.com/curl/curl,curl,4876,0,13,3118,2010-03-18T22:32:22Z,2021-12-31T11:04:00Z,"A command line tool and library for transferring data with URL syntax, supporting DICT, FILE, FTP, FTPS, GOPHER, GOPHERS, HTTP, HTTPS, IMAP, IMAPS, LDAP, LDAPS, MQTT, POP3, POP3S, RTMP, RTMPS, RTSP, SCP, SFTP, SMB, SMBS, SMTP, SMTPS, TELNET and TFTP. libcurl offers a myriad of powerful features"
15,C,os-tutorial,22210,2746,832,C,https://github.com/cfenollosa/os-tutorial,cfenollosa,87,0,52,136,2014-09-29T08:39:34Z,2021-12-31T12:29:22Z,How to create an OS from scratch
16,C,darknet,21980,19076,896,C,https://github.com/pjreddie/darknet,pjreddie,249,0,1725,2248,2014-04-11T07:59:16Z,2021-12-31T06:05:19Z,Convolutional Neural Networks
17,C,emscripten,21630,2722,617,C,https://github.com/emscripten-core/emscripten,emscripten-core,8694,0,894,7058,2011-02-12T05:23:30Z,2021-12-31T13:25:00Z,Emscripten: An LLVM-to-WebAssembly Compiler
18,C,jq,20998,1242,313,C,https://github.com/stedolan/jq,stedolan,534,10,591,1850,2012-07-18T19:57:25Z,2021-12-31T13:48:45Z,Command-line JSON processor
19,C,The-Art-Of-Programming-By-July,20210,7147,1890,C,https://github.com/julycoding/The-Art-Of-Programming-By-July,julycoding,343,0,47,130,2013-12-14T10:00:06Z,2021-12-31T05:48:28Z,æœ¬é¡¹ç›®æ›¾å†²åˆ°å…¨çƒç¬¬ä¸€ï¼Œå¹²è´§é›†é”¦è§æœ¬é¡µé¢æœ€åº•éƒ¨ï¼Œå¦å®Œæ•´ç²¾è‡´çš„çº¸è´¨ç‰ˆã€Šç¼–ç¨‹ä¹‹æ³•ï¼šé¢è¯•å’Œç®—æ³•å¿ƒå¾—ã€‹å·²åœ¨äº¬ä¸œ/å½“å½“ä¸Šé”€å”®
20,C,How-to-Make-a-Computer-Operating-System,19678,3360,1603,C,https://github.com/SamyPesse/How-to-Make-a-Computer-Operating-System,SamyPesse,95,1,44,71,2013-11-29T17:36:32Z,2021-12-30T20:56:11Z,How to Make a Computer Operating System in C++
1,CSharp,PowerToys,65516,3659,1016,C#,https://github.com/microsoft/PowerToys,microsoft,3273,17,2032,11920,2019-05-01T17:44:02Z,2021-12-31T13:49:24Z,Windows system utilities to maximize productivity
2,CSharp,shadowsocks-windows,53648,16215,2538,C#,https://github.com/shadowsocks/shadowsocks-windows,shadowsocks,474,4,63,2744,2013-01-14T07:54:16Z,2021-12-31T13:41:53Z,A C# port of shadowsocks
3,CSharp,PowerShell,31338,5008,1377,C#,https://github.com/PowerShell/PowerShell,PowerShell,6392,106,3097,9733,2016-01-13T23:41:35Z,2021-12-31T13:10:11Z,PowerShell for every system!
4,CSharp,aspnetcore,26895,7237,1453,C#,https://github.com/dotnet/aspnetcore,dotnet,11724,184,2154,24415,2014-03-11T06:09:42Z,2021-12-31T12:57:02Z,"ASP.NET Core is a cross-platform .NET framework for building modern cloud-based web applications on Windows, Mac, or Linux."
5,CSharp,v2rayN,24773,5255,517,C#,https://github.com/2dust/v2rayN,2dust,104,0,34,1765,2019-07-30T03:47:24Z,2021-12-31T13:41:50Z,
6,CSharp,CodeHub,23290,640,6768,C#,https://github.com/CodeHubApp/CodeHub,CodeHubApp,22,3,234,641,2013-07-23T22:19:57Z,2021-12-30T00:58:12Z,CodeHub is an iOS application written using Xamarin
7,CSharp,Wox,21168,2277,547,C#,https://github.com/Wox-launcher/Wox,Wox-launcher,446,6,766,3159,2013-12-19T15:49:32Z,2021-12-31T08:45:44Z,"Launcher for Windows, an alternative to Alfred and Launchy."
8,CSharp,dnSpy,19746,3737,895,C#,https://github.com/dnSpy/dnSpy,dnSpy,83,0,0,0,2015-07-01T16:05:10Z,2021-12-31T08:31:40Z,.NET debugger and assembly editor
9,CSharp,eShopOnContainers,19451,8289,1516,C#,https://github.com/dotnet-architecture/eShopOnContainers,dotnet-architecture,673,3,44,1092,2016-10-05T22:35:23Z,2021-12-31T08:55:47Z,"Cross-platform .NET sample microservices and container based application that runs on Linux Windows and macOS. Powered by .NET 6, Docker Containers and Azure Kubernetes Services. Supports Visual Studio, VS for Mac and CLI based environments with Docker CLI, dotnet CLI, VS Code or any other code editor."
10,CSharp,ShareX,18241,2355,506,C#,https://github.com/ShareX/ShareX,ShareX,927,0,352,5047,2013-10-08T23:32:10Z,2021-12-31T13:51:15Z,"ShareX is a free and open source program that lets you capture or record any area of your screen and share it with a single press of a key. It also allows uploading images, text or other types of files to many supported destinations you can choose from."
11,CSharp,WaveFunctionCollapse,17188,898,503,C#,https://github.com/mxgmn/WaveFunctionCollapse,mxgmn,28,0,0,40,2016-09-30T11:53:17Z,2021-12-31T10:20:32Z,Bitmap & tilemap generation from a single example with the help of ideas from quantum mechanics
12,CSharp,ScreenToGif,16192,1730,337,C#,https://github.com/NickeManarin/ScreenToGif,NickeManarin,240,19,160,785,2016-08-02T01:28:59Z,2021-12-31T13:16:45Z,"ğŸ¬ ScreenToGif allows you to record a selected area of your screen, edit and save it as a gif or video."
13,CSharp,awesome-dotnet-core,15534,2442,1155,C#,https://github.com/thangchung/awesome-dotnet-core,thangchung,716,0,18,69,2016-03-17T03:52:09Z,2021-12-31T09:23:51Z,":honeybee: A collection of awesome .NET core libraries, tools, frameworks and software"
14,CSharp,Files,15454,877,277,C#,https://github.com/files-community/Files,files-community,2551,9,731,4811,2019-01-04T18:19:14Z,2021-12-31T13:47:02Z,A modern file manager that pushes the boundaries of the platform.
15,CSharp,roslyn,15340,3489,1030,C#,https://github.com/dotnet/roslyn,dotnet,30286,104,8625,27350,2015-01-11T02:39:03Z,2021-12-31T13:34:11Z,The Roslyn .NET compiler provides C# and Visual Basic languages with rich code analysis APIs.
16,CSharp,Dapper,14390,3453,976,C#,https://github.com/DapperLib/Dapper,DapperLib,560,1,286,1072,2011-04-14T08:42:59Z,2021-12-31T13:48:33Z,Dapper - a simple object mapper for .Net
17,CSharp,ILSpy,14085,2704,691,C#,https://github.com/icsharpcode/ILSpy,icsharpcode,546,26,169,1997,2011-02-04T11:24:20Z,2021-12-31T11:15:27Z,".NET Decompiler with support for PDB generation, ReadyToRun, Metadata (&more) - cross-platform!"
18,CSharp,maui,13248,651,665,C#,https://github.com/dotnet/maui,dotnet,1566,12,807,1762,2020-05-08T18:11:05Z,2021-12-31T13:42:36Z,".NET MAUI is the .NET Multi-platform App UI, a framework for building native device applications spanning mobile, tablet, and desktop."
19,CSharp,jellyfin,12817,1322,254,C#,https://github.com/jellyfin/jellyfin,jellyfin,3134,0,535,3510,2018-12-09T06:36:45Z,2021-12-31T13:42:09Z,The Free Software Media System
20,CSharp,Avalonia,12660,1141,441,C#,https://github.com/AvaloniaUI/Avalonia,AvaloniaUI,2947,13,1164,3684,2013-12-05T20:13:21Z,2021-12-31T10:05:26Z,A cross platform XAML framework for .NET
1,CPP,tensorflow,161553,86033,7948,C++,https://github.com/tensorflow/tensorflow,tensorflow,19533,9,2480,33680,2015-11-07T01:19:20Z,2021-12-31T11:40:53Z,An Open Source Machine Learning Framework for Everyone
2,CPP,electron,99545,13065,2948,C++,https://github.com/electron/electron,electron,15554,0,1447,16260,2013-04-12T01:47:36Z,2021-12-31T13:01:15Z,":electron: Build cross-platform desktop apps with JavaScript, HTML, and CSS"
3,CPP,terminal,79562,7082,1309,C++,https://github.com/microsoft/terminal,microsoft,2712,39,1432,9230,2017-08-11T18:38:22Z,2021-12-31T13:11:50Z,"The new Windows Terminal and the original Windows console host, all in the same place!"
4,CPP,bitcoin,60631,31056,3894,C++,https://github.com/bitcoin/bitcoin,bitcoin,16533,49,621,6652,2010-12-19T15:16:43Z,2021-12-31T13:45:04Z,Bitcoin Core integration/staging tree
5,CPP,opencv,58933,49703,2653,C++,https://github.com/opencv/opencv,opencv,12741,49,1961,8559,2012-07-19T09:40:17Z,2021-12-31T13:29:21Z,Open Source Computer Vision Library
6,CPP,swift,58340,9350,2548,C++,https://github.com/apple/swift,apple,40574,9,0,0,2015-10-23T21:15:07Z,2021-12-31T13:38:39Z,The Swift Programming Language
7,CPP,pytorch,53036,14566,1601,C++,https://github.com/pytorch/pytorch,pytorch,46568,26,7406,23817,2016-08-13T05:26:41Z,2021-12-31T13:19:50Z,Tensors and Dynamic neural networks in Python with strong GPU acceleration
8,CPP,protobuf,52420,13587,2087,C++,https://github.com/protocolbuffers/protobuf,protocolbuffers,4539,27,927,4757,2014-08-26T15:52:15Z,2021-12-31T12:51:15Z,Protocol Buffers - Google's data interchange format
9,CPP,godot,44962,8132,1417,C++,https://github.com/godotengine/godot,godotengine,24284,10,5715,31125,2014-01-04T16:05:36Z,2021-12-31T13:20:44Z,Godot Engine â€“ Multi-platform 2D and 3D game engine
10,CPP,tesseract,43321,7703,1679,C++,https://github.com/tesseract-ocr/tesseract,tesseract-ocr,1432,8,340,2234,2014-08-12T18:04:59Z,2021-12-31T12:43:34Z,Tesseract Open Source OCR Engine (main repository)
11,CPP,x64dbg,37878,1744,2878,C++,https://github.com/x64dbg/x64dbg,x64dbg,684,0,498,2081,2015-04-11T20:48:23Z,2021-12-31T13:51:21Z,An open-source x64/x32 debugger for windows.
12,CPP,imgui,33802,5814,970,C++,https://github.com/ocornut/imgui,ocornut,874,16,587,3687,2014-07-21T14:29:47Z,2021-12-31T13:32:19Z,Dear ImGui: Bloat-free Graphical User interface for C++ with minimal dependencies
13,CPP,grpc,33005,8652,1354,C++,https://github.com/grpc/grpc,grpc,18257,55,773,9930,2014-12-08T18:58:53Z,2021-12-31T11:30:49Z,"The C based gRPC (C++, Python, Ruby, Objective-C, PHP, C#)"
14,CPP,caffe,32179,18911,2163,C++,https://github.com/BVLC/caffe,BVLC,2234,3,886,4768,2013-09-12T18:39:48Z,2021-12-31T06:55:16Z,Caffe: a fast open framework for deep learning.
15,CPP,phantomjs,28668,5831,1151,C++,https://github.com/ariya/phantomjs,ariya,1134,17,14,4734,2010-12-27T08:18:58Z,2021-12-30T14:49:35Z,Scriptable Headless Browser
16,CPP,json,27998,4775,728,C++,https://github.com/nlohmann/json,nlohmann,703,41,25,1931,2013-07-04T08:47:49Z,2021-12-31T13:42:36Z,JSON for Modern C++
17,CPP,leveldb,27428,6155,1316,C++,https://github.com/google/leveldb,google,295,0,153,651,2014-08-27T21:17:52Z,2021-12-31T10:06:40Z,LevelDB is a fast key-value storage library written at Google that provides an ordered mapping from string keys to string values.
18,CPP,rethinkdb,25173,1841,810,C++,https://github.com/rethinkdb/rethinkdb,rethinkdb,622,94,1410,6341,2012-10-30T05:37:47Z,2021-12-30T18:38:41Z,The open-source database for the realtime web.
19,CPP,aria2,25130,2875,721,C++,https://github.com/aria2/aria2,aria2,286,19,834,1564,2010-11-27T09:41:48Z,2021-12-31T09:45:10Z,"aria2 is a lightweight multi-protocol & multi-source, cross platform download utility operated in command-line. It supports HTTP/HTTPS, FTP, SFTP, BitTorrent and Metalink."
20,CPP,googletest,24573,8145,1158,C++,https://github.com/google/googletest,google,1714,0,182,1863,2015-07-28T15:07:53Z,2021-12-31T09:47:44Z,GoogleTest - Google Testing and Mocking Framework
1,Go,go,93836,13963,3518,Go,https://github.com/golang/go,golang,2095,239,7258,47858,2014-08-19T04:33:40Z,2021-12-31T13:32:22Z,The Go programming language
2,Go,kubernetes,84035,30784,3287,Go,https://github.com/kubernetes/kubernetes,kubernetes,67211,47,1681,39982,2014-06-06T22:56:04Z,2021-12-31T13:45:11Z,Production-Grade Container Scheduling and Management
3,Go,awesome-go,73009,9342,2680,Go,https://github.com/avelino/awesome-go,avelino,3582,0,12,356,2014-07-06T13:42:15Z,2021-12-31T13:33:53Z,"A curated list of awesome Go frameworks, libraries and software"
4,Go,moby,61886,17878,3044,Go,https://github.com/moby/moby,moby,21796,96,3910,21203,2013-01-18T18:10:57Z,2021-12-31T11:59:33Z,Moby Project - a collaborative project for the container ecosystem to assemble container-based systems
5,Go,hugo,56127,6350,1053,Go,https://github.com/gohugoio/hugo,gohugoio,3522,197,639,5712,2013-07-04T15:26:26Z,2021-12-31T12:05:58Z,The worldâ€™s fastest framework for building websites.
6,Go,gin,54319,6167,1354,Go,https://github.com/gin-gonic/gin,gin-gonic,1247,21,373,1748,2014-06-16T23:57:25Z,2021-12-31T13:17:22Z,"Gin is a HTTP web framework written in Go (Golang). It features a Martini-like API with much better performance -- up to 40 times faster. If you need smashing performance, get yourself some Gin."
7,Go,frp,52097,9502,1520,Go,https://github.com/fatedier/frp,fatedier,528,5,91,2184,2015-12-21T15:24:59Z,2021-12-31T13:47:09Z,A fast reverse proxy to help you expose a local server behind a NAT or firewall to the internet.
8,Go,syncthing,42077,3292,988,Go,https://github.com/syncthing/syncthing,syncthing,3334,69,298,4731,2013-11-26T09:48:21Z,2021-12-31T11:29:26Z,Open Source Continuous File Synchronization
9,Go,fzf,41173,1785,393,Go,https://github.com/junegunn/fzf,junegunn,570,14,225,2057,2013-10-23T16:04:23Z,2021-12-31T13:27:44Z,:cherry_blossom: A command-line fuzzy finder
10,Go,prometheus,40256,6683,1139,Go,https://github.com/prometheus/prometheus,prometheus,5631,9,396,4365,2012-11-24T11:14:12Z,2021-12-31T12:51:45Z,The Prometheus monitoring system and time series database.
11,Go,build-web-application-with-golang,39362,10392,2445,Go,https://github.com/astaxie/build-web-application-with-golang,astaxie,881,0,105,286,2012-08-02T11:49:35Z,2021-12-31T13:43:47Z,A golang ebook intro how to build a web with golang
12,Go,v2ray-core,38845,8326,1399,Go,https://github.com/v2ray/v2ray-core,v2ray,447,6,20,2418,2015-09-04T11:42:53Z,2021-12-31T13:41:51Z,A platform for building proxies to bypass network restrictions.
13,Go,etcd,38352,8233,1355,Go,https://github.com/etcd-io/etcd,etcd-io,7941,37,130,5610,2013-07-06T21:57:21Z,2021-12-31T12:03:43Z,Distributed reliable key-value store for the most critical data of a distributed system
14,Go,gogs,38215,4452,1046,Go,https://github.com/gogs/gogs,gogs,1770,21,758,4791,2014-02-12T01:57:08Z,2021-12-31T09:44:39Z,Gogs is a painless self-hosted Git service
15,Go,traefik,36242,4004,693,Go,https://github.com/traefik/traefik,traefik,3856,17,585,4769,2015-09-13T19:04:02Z,2021-12-31T12:27:49Z,The Cloud Native Application Proxy
16,Go,caddy,36170,2902,760,Go,https://github.com/caddyserver/caddy,caddyserver,1585,51,84,2815,2015-01-13T19:45:03Z,2021-12-31T12:37:06Z,"Fast, multi-platform web server with automatic HTTPS"
17,Go,go-ethereum,34429,12741,2131,Go,https://github.com/ethereum/go-ethereum,ethereum,6944,124,217,6117,2013-12-26T13:05:46Z,2021-12-31T10:57:24Z,Official Go implementation of the Ethereum protocol
18,Go,mkcert,33165,1568,444,Go,https://github.com/FiloSottile/mkcert,FiloSottile,113,0,79,278,2018-06-25T05:33:03Z,2021-12-31T11:49:34Z,A simple zero-config tool to make locally trusted development certificates with any names you'd like.
19,Go,minio,30882,3527,590,Go,https://github.com/minio/minio,minio,7671,17,14,5666,2015-01-14T19:23:58Z,2021-12-31T12:22:51Z,"High Performance, Kubernetes Native Object Storage"
20,Go,rclone,30694,2761,551,Go,https://github.com/rclone/rclone,rclone,1587,47,659,4244,2014-03-16T16:19:57Z,2021-12-31T12:49:50Z,"""rsync for cloud storage"" - Google Drive, S3, Dropbox, Backblaze B2, One Drive, Swift, Hubic, Wasabi, Google Cloud Storage, Yandex Files"
1,Java,CS-Notes,144091,45965,5438,Java,https://github.com/CyC2018/CS-Notes,CyC2018,571,0,94,526,2018-02-13T14:56:24Z,2021-12-31T13:50:59Z,:books: æŠ€æœ¯é¢è¯•å¿…å¤‡åŸºç¡€çŸ¥è¯†ã€Leetcodeã€è®¡ç®—æœºæ“ä½œç³»ç»Ÿã€è®¡ç®—æœºç½‘ç»œã€ç³»ç»Ÿè®¾è®¡
2,Java,JavaGuide,115130,39312,4594,Java,https://github.com/Snailclimb/JavaGuide,Snailclimb,771,0,64,708,2018-05-07T13:27:00Z,2021-12-31T13:26:12Z,ã€ŒJavaå­¦ä¹ +é¢è¯•æŒ‡å—ã€ä¸€ä»½æ¶µç›–å¤§éƒ¨åˆ† Java ç¨‹åºå‘˜æ‰€éœ€è¦æŒæ¡çš„æ ¸å¿ƒçŸ¥è¯†ã€‚å‡†å¤‡ Java é¢è¯•ï¼Œé¦–é€‰ JavaGuideï¼
3,Java,java-design-patterns,72076,22450,3889,Java,https://github.com/iluwatar/java-design-patterns,iluwatar,1225,26,216,688,2014-08-09T16:45:18Z,2021-12-31T13:42:32Z,Design patterns implemented in Java
4,Java,LeetCodeAnimation,68383,13145,2609,Java,https://github.com/MisterBooo/LeetCodeAnimation,MisterBooo,73,0,12,54,2018-12-06T08:01:22Z,2021-12-31T13:20:43Z,Demonstrate all the questions on LeetCode in the form of animation.ï¼ˆç”¨åŠ¨ç”»çš„å½¢å¼å‘ˆç°è§£LeetCodeé¢˜ç›®çš„æ€è·¯ï¼‰
5,Java,spring-boot,58907,35288,3392,Java,https://github.com/spring-projects/spring-boot,spring-projects,5040,240,540,23913,2012-10-19T15:02:57Z,2021-12-31T09:33:53Z,Spring Boot
6,Java,elasticsearch,57976,21069,2751,Java,https://github.com/elastic/elasticsearch,elastic,53177,5,3249,28770,2010-02-08T13:20:56Z,2021-12-31T13:14:12Z,"Free and Open, Distributed, RESTful Search Engine"
7,Java,mall,55134,23482,2158,Java,https://github.com/macrozheng/mall,macrozheng,83,0,19,413,2018-04-04T01:11:44Z,2021-12-31T13:20:10Z,mallé¡¹ç›®æ˜¯ä¸€å¥—ç”µå•†ç³»ç»Ÿï¼ŒåŒ…æ‹¬å‰å°å•†åŸç³»ç»ŸåŠåå°ç®¡ç†ç³»ç»Ÿï¼ŒåŸºäºSpringBoot+MyBatiså®ç°ï¼Œé‡‡ç”¨Dockerå®¹å™¨åŒ–éƒ¨ç½²ã€‚ å‰å°å•†åŸç³»ç»ŸåŒ…å«é¦–é¡µé—¨æˆ·ã€å•†å“æ¨èã€å•†å“æœç´¢ã€å•†å“å±•ç¤ºã€è´­ç‰©è½¦ã€è®¢å•æµç¨‹ã€ä¼šå‘˜ä¸­å¿ƒã€å®¢æˆ·æœåŠ¡ã€å¸®åŠ©ä¸­å¿ƒç­‰æ¨¡å—ã€‚ åå°ç®¡ç†ç³»ç»ŸåŒ…å«å•†å“ç®¡ç†ã€è®¢å•ç®¡ç†ã€ä¼šå‘˜ç®¡ç†ã€ä¿ƒé”€ç®¡ç†ã€è¿è¥ç®¡ç†ã€å†…å®¹ç®¡ç†ã€ç»Ÿè®¡æŠ¥è¡¨ã€è´¢åŠ¡ç®¡ç†ã€æƒé™ç®¡ç†ã€è®¾ç½®ç­‰æ¨¡å—ã€‚
8,Java,interviews,54978,11694,2637,Java,https://github.com/kdn251/interviews,kdn251,149,0,29,47,2017-02-14T18:19:25Z,2021-12-31T13:50:49Z,Everything you need to know to get the job.
9,Java,Java,43026,14226,2250,Java,https://github.com/TheAlgorithms/Java,TheAlgorithms,2261,0,12,582,2016-07-16T10:21:02Z,2021-12-31T09:40:57Z,All Algorithms implemented in Java
10,Java,MPAndroidChart,34433,8593,1117,Java,https://github.com/PhilJay/MPAndroidChart,PhilJay,472,0,1902,4734,2014-04-25T14:29:47Z,2021-12-31T09:11:15Z,"A powerful ğŸš€ Android chart view / graph view library, supporting line- bar- pie- radar- bubble- and candlestick charts as well as scaling, panning and animations."
11,Java,lottie-android,32236,5156,857,Java,https://github.com/airbnb/lottie-android,airbnb,574,10,40,1375,2016-10-06T22:42:42Z,2021-12-31T12:01:16Z,"Render After Effects animations natively on Android and iOS, Web, and React Native"
12,Java,glide,32077,5853,1066,Java,https://github.com/bumptech/glide,bumptech,614,21,312,4056,2013-07-08T22:52:33Z,2021-12-31T09:29:45Z,An image loading and caching library for Android focused on smooth scrolling
13,Java,ghidra,30574,3964,935,Java,https://github.com/NationalSecurityAgency/ghidra,NationalSecurityAgency,741,20,1068,2841,2019-03-01T03:27:48Z,2021-12-31T13:30:13Z,Ghidra is a software reverse engineering (SRE) framework
14,Java,hello-algorithm,29539,5729,657,Java,https://github.com/geekxh/hello-algorithm,geekxh,28,0,3,34,2020-05-29T05:47:09Z,2021-12-31T12:32:11Z,ğŸŒ é’ˆå¯¹å°ç™½çš„ç®—æ³•è®­ç»ƒ | åŒ…æ‹¬å››éƒ¨åˆ†ï¼šâ‘ .ç®—æ³•åŸºç¡€ â‘¡.åŠ›æ‰£å›¾è§£ â‘¢.å¤§å‚é¢ç» â‘£.CS_æ±‡æ€» | é™„ï¼š1ã€åƒæœ¬å¼€æºç”µå­ä¹¦  2ã€ç™¾å¼ æŠ€æœ¯æ€ç»´å¯¼å›¾ï¼ˆé¡¹ç›®èŠ±äº†ä¸Šç™¾å°æ—¶ï¼Œå¸Œæœ›å¯ä»¥ç‚¹ star æ”¯æŒï¼ŒğŸŒ¹æ„Ÿè°¢~ï¼‰
15,Java,zxing,28838,9133,1700,Java,https://github.com/zxing/zxing,zxing,313,13,10,1130,2011-10-12T14:07:27Z,2021-12-31T13:33:28Z,"ZXing (""Zebra Crossing"") barcode scanning library for Java, Android"
16,Java,tutorials,28715,46083,1539,Java,https://github.com/eugenp/tutorials,eugenp,11096,0,19,544,2013-04-29T18:26:36Z,2021-12-31T09:12:03Z,"Just Announced - ""Learn Spring Security OAuth"": "
17,Java,netty,28260,13977,1807,Java,https://github.com/netty/netty,netty,6206,241,459,5667,2010-11-09T09:22:21Z,2021-12-31T12:53:27Z,Netty project - an event-driven asynchronous network application framework
18,Java,arthas,28087,6145,1144,Java,https://github.com/alibaba/arthas,alibaba,509,36,158,1427,2018-08-29T17:15:57Z,2021-12-31T13:20:49Z,Alibaba Java Diagnostic Tool Arthas/Alibaba Javaè¯Šæ–­åˆ©å™¨Arthas
19,Java,spring-boot-examples,26875,11687,1343,Java,https://github.com/ityouknow/spring-boot-examples,ityouknow,43,0,7,104,2016-11-05T05:32:33Z,2021-12-31T12:28:34Z,about learning Spring Boot via examples. Spring Boot æ•™ç¨‹ã€æŠ€æœ¯æ ˆç¤ºä¾‹ä»£ç ï¼Œå¿«é€Ÿç®€å•ä¸Šæ‰‹æ•™ç¨‹ã€‚ 
20,Java,JCSprout,26552,7149,1696,Java,https://github.com/crossoverJie/JCSprout,crossoverJie,107,0,30,89,2017-12-17T09:06:50Z,2021-12-31T06:24:15Z,"ğŸ‘¨â€ğŸ“ Java Core Sprout : basic, concurrent, algorithm "
1,JavaScript,freeCodeCamp,337864,27621,8462,JavaScript,https://github.com/freeCodeCamp/freeCodeCamp,freeCodeCamp,28400,25,102,15677,2014-12-24T17:49:19Z,2021-12-31T13:40:42Z,freeCodeCamp.org's open-source codebase and curriculum. Learn to code for free.
2,JavaScript,vue,191799,31047,6183,JavaScript,https://github.com/vuejs/vue,vuejs,2125,14,322,9648,2013-07-29T03:24:51Z,2021-12-31T13:21:45Z,"ğŸ–– Vue.js is a progressive, incrementally-adoptable JavaScript framework for building UI on the web."
3,JavaScript,react,179954,36545,6668,JavaScript,https://github.com/facebook/react,facebook,11736,39,686,11028,2013-05-24T16:15:54Z,2021-12-31T13:48:29Z,"A declarative, efficient, and flexible JavaScript library for building user interfaces."
4,JavaScript,bootstrap,154677,75639,7004,JavaScript,https://github.com/twbs/bootstrap,twbs,13182,36,337,21015,2011-07-29T21:19:00Z,2021-12-31T12:36:39Z,"The most popular HTML, CSS, and JavaScript framework for developing responsive, mobile first projects on the web."
5,JavaScript,javascript,117885,22474,3854,JavaScript,https://github.com/airbnb/javascript,airbnb,1323,1,86,1138,2012-11-01T23:13:50Z,2021-12-31T12:39:22Z,JavaScript Style Guide
6,JavaScript,react-native,100162,21590,3666,JavaScript,https://github.com/facebook/react-native,facebook,10414,0,1876,22164,2015-01-09T18:10:16Z,2021-12-31T13:40:19Z,A framework for building native applications using React
7,JavaScript,create-react-app,92560,23518,1919,JavaScript,https://github.com/facebook/create-react-app,facebook,3839,82,1129,7415,2016-07-17T14:55:11Z,2021-12-31T13:40:52Z,Set up a modern web app by running one command.
8,JavaScript,axios,90180,9074,1219,JavaScript,https://github.com/axios/axios,axios,951,8,206,3393,2014-08-18T22:30:27Z,2021-12-31T12:15:50Z,Promise based HTTP client for the browser and node.js
9,JavaScript,next.js,78888,15950,1226,JavaScript,https://github.com/vercel/next.js,vercel,10178,58,994,11485,2016-10-05T23:32:51Z,2021-12-31T11:42:16Z,The React Framework
10,JavaScript,awesome-selfhosted,72774,5183,1819,JavaScript,https://github.com/awesome-selfhosted/awesome-selfhosted,awesome-selfhosted,2118,2,97,649,2015-06-01T02:33:17Z,2021-12-31T13:49:00Z,A list of Free Software network services and web applications which can be hosted on your own servers
11,JavaScript,Font-Awesome,67041,11769,1397,JavaScript,https://github.com/FortAwesome/Font-Awesome,FortAwesome,622,71,5676,17804,2012-02-17T14:19:43Z,2021-12-31T13:46:29Z,"The iconic SVG, font, and CSS toolkit"
12,JavaScript,tech-interview-handbook,62946,8797,1872,JavaScript,https://github.com/yangshun/tech-interview-handbook,yangshun,209,0,7,41,2016-07-05T05:00:48Z,2021-12-31T13:21:47Z,ğŸ’¯ Curated interview preparation materials for busy engineers
13,JavaScript,clean-code-javascript,61358,7888,1687,JavaScript,https://github.com/ryanmcdermott/clean-code-javascript,ryanmcdermott,244,0,39,116,2016-11-25T22:25:41Z,2021-12-31T13:37:32Z,:bathtub: Clean Code concepts adapted for JavaScript
14,JavaScript,webpack,60139,8148,1552,JavaScript,https://github.com/webpack/webpack,webpack,5466,19,181,8751,2012-03-10T10:08:14Z,2021-12-31T10:09:54Z,"A bundler for javascript and friends. Packs many modules into a few bundled assets. Code Splitting allows for loading parts of the application on demand. Through ""loaders"", modules can be CommonJs, AMD, ES6 modules, CSS, Images, JSON, Coffeescript, LESS, ... and your custom stuff."
15,JavaScript,json-server,58749,5695,1031,JavaScript,https://github.com/typicode/json-server,typicode,302,0,534,976,2013-11-27T13:21:13Z,2021-12-31T12:26:13Z,Get a full fake REST API with zero coding in less than 30 seconds (seriously)
16,JavaScript,reveal.js,58051,15897,1729,JavaScript,https://github.com/hakimel/reveal.js,hakimel,947,0,595,2064,2011-06-07T18:54:22Z,2021-12-31T11:29:49Z,The HTML Presentation Framework
17,JavaScript,jquery,55693,20198,3299,JavaScript,https://github.com/jquery/jquery,jquery,2727,24,72,2156,2009-04-03T15:20:14Z,2021-12-30T23:28:53Z,jQuery JavaScript Library
18,JavaScript,gatsby,52000,10069,849,JavaScript,https://github.com/gatsbyjs/gatsby,gatsbyjs,19341,5,192,13175,2015-05-21T22:43:05Z,2021-12-31T13:39:30Z,"Build blazing fast, modern apps and websites with React"
19,JavaScript,tailwindcss,51582,2470,554,JavaScript,https://github.com/tailwindlabs/tailwindcss,tailwindlabs,1579,0,51,1982,2017-10-06T14:59:14Z,2021-12-31T13:45:42Z,A utility-first CSS framework for rapid UI development.
20,JavaScript,resume.github.com,50443,1286,344,JavaScript,https://github.com/resume/resume.github.com,resume,179,0,37,93,2011-02-06T13:39:55Z,2021-12-31T13:50:06Z,Resumes generated using the GitHub informations
1,Python,public-apis,172806,19939,3392,Python,https://github.com/public-apis/public-apis,public-apis,2584,0,6,342,2016-03-20T23:49:42Z,2021-12-31T13:32:45Z,A collective list of free APIs
2,Python,system-design-primer,156756,28939,5927,Python,https://github.com/donnemartin/system-design-primer,donnemartin,395,0,143,204,2017-02-26T16:15:28Z,2021-12-31T13:50:42Z,Learn how to design large-scale systems. Prep for the system design interview.  Includes Anki flashcards.
3,Python,Python,126072,33653,5913,Python,https://github.com/TheAlgorithms/Python,TheAlgorithms,4921,0,14,881,2016-07-16T09:44:01Z,2021-12-31T12:48:27Z,All Algorithms implemented in Python
4,Python,awesome-python,111597,20446,5610,Python,https://github.com/vinta/awesome-python,vinta,1606,0,6,255,2014-06-27T21:00:06Z,2021-12-31T13:26:30Z,"A curated list of awesome Python frameworks, libraries, software and resources"
5,Python,youtube-dl,104140,6673,2210,Python,https://github.com/ytdl-org/youtube-dl,ytdl-org,4607,6,4064,24548,2010-10-31T14:35:07Z,2021-12-31T13:50:12Z,Command-line program to download videos from YouTube.com and other video sites
6,Python,thefuck,65571,3019,832,Python,https://github.com/nvbn/thefuck,nvbn,608,3,187,617,2015-04-08T15:08:04Z,2021-12-31T13:37:19Z,Magnificent app which corrects your previous console command.
7,Python,transformers,56265,13308,786,Python,https://github.com/huggingface/transformers,huggingface,6542,0,334,8400,2018-10-29T13:56:00Z,2021-12-31T12:21:55Z,"ğŸ¤— Transformers: State-of-the-art Machine Learning for Pytorch, TensorFlow, and JAX."
8,Python,keras,53569,18957,1991,Python,https://github.com/keras-team/keras,keras-team,4817,0,204,10996,2015-03-28T00:35:42Z,2021-12-31T13:12:35Z,Deep Learning for humans
9,Python,awesome-machine-learning,52225,12941,3421,Python,https://github.com/josephmisiti/awesome-machine-learning,josephmisiti,756,0,0,72,2014-07-15T19:11:19Z,2021-12-31T13:42:32Z,"A curated list of awesome Machine Learning frameworks, libraries and software."
10,Python,ansible,51175,21394,1990,Python,https://github.com/ansible/ansible,ansible,46444,15,1072,29971,2012-03-06T14:58:02Z,2021-12-31T12:04:49Z,"Ansible is a radically simple IT automation platform that makes your applications and systems easier to deploy and maintain. Automate everything from code deployment to network configuration to cloud management, in a language that approaches plain English, using SSH, with no agents to install on remote systems. https://docs.ansible.com."
11,Python,core,48530,16423,1346,Python,https://github.com/home-assistant/core,home-assistant,37294,457,1084,25483,2013-09-17T07:29:48Z,2021-12-31T13:18:16Z,:house_with_garden: Open source home automation that puts local control and privacy first.
12,Python,scikit-learn,48405,22454,2218,Python,https://github.com/scikit-learn/scikit-learn,scikit-learn,12641,43,1678,9056,2010-08-17T09:43:38Z,2021-12-31T13:41:50Z,scikit-learn: machine learning in Python
13,Python,you-get,42728,8715,1384,Python,https://github.com/soimort/you-get,soimort,983,2,0,0,2012-08-20T15:53:36Z,2021-12-31T10:09:10Z,:arrow_double_down: Dumb downloader that scrapes the web
14,Python,scrapy,42423,9446,1811,Python,https://github.com/scrapy/scrapy,scrapy,2756,36,492,2545,2010-02-22T02:01:14Z,2021-12-31T12:15:26Z,"Scrapy, a fast high-level web crawling & scraping framework for Python."
15,Python,cpython,42024,21325,1424,Python,https://github.com/python/cpython,python,30259,0,0,0,2017-02-10T19:23:51Z,2021-12-31T12:04:09Z,The Python programming language
16,Python,big-list-of-naughty-strings,41658,1973,871,Python,https://github.com/minimaxir/big-list-of-naughty-strings,minimaxir,152,0,54,83,2015-08-08T20:57:20Z,2021-12-30T18:05:26Z,The Big List of Naughty Strings is a list of strings which have a high probability of causing issues when used as user-input data.
17,Python,fastapi,40088,2982,575,Python,https://github.com/tiangolo/fastapi,tiangolo,1460,0,848,2575,2018-12-08T08:21:47Z,2021-12-31T13:33:03Z,"FastAPI framework, high performance, easy to learn, fast to code, ready for production"
18,Python,faceswap,40026,11418,1522,Python,https://github.com/deepfakes/faceswap,deepfakes,469,1,16,724,2017-12-19T09:44:13Z,2021-12-31T11:46:19Z,Deepfakes Software For All
19,Python,manim,39963,4558,810,Python,https://github.com/3b1b/manim,3b1b,656,0,315,928,2015-03-22T18:50:58Z,2021-12-31T13:20:47Z,Animation engine for explanatory math videos
20,Python,funNLP,35783,10367,1399,Python,https://github.com/fighting41love/funNLP,fighting41love,18,0,16,44,2018-08-21T11:20:39Z,2021-12-31T13:51:32Z,"ä¸­è‹±æ–‡æ•æ„Ÿè¯ã€è¯­è¨€æ£€æµ‹ã€ä¸­å¤–æ‰‹æœº/ç”µè¯å½’å±åœ°/è¿è¥å•†æŸ¥è¯¢ã€åå­—æ¨æ–­æ€§åˆ«ã€æ‰‹æœºå·æŠ½å–ã€èº«ä»½è¯æŠ½å–ã€é‚®ç®±æŠ½å–ã€ä¸­æ—¥æ–‡äººååº“ã€ä¸­æ–‡ç¼©å†™åº“ã€æ‹†å­—è¯å…¸ã€è¯æ±‡æƒ…æ„Ÿå€¼ã€åœç”¨è¯ã€ååŠ¨è¯è¡¨ã€æš´æè¯è¡¨ã€ç¹ç®€ä½“è½¬æ¢ã€è‹±æ–‡æ¨¡æ‹Ÿä¸­æ–‡å‘éŸ³ã€æ±ªå³°æ­Œè¯ç”Ÿæˆå™¨ã€èŒä¸šåç§°è¯åº“ã€åŒä¹‰è¯åº“ã€åä¹‰è¯åº“ã€å¦å®šè¯åº“ã€æ±½è½¦å“ç‰Œè¯åº“ã€æ±½è½¦é›¶ä»¶è¯åº“ã€è¿ç»­è‹±æ–‡åˆ‡å‰²ã€å„ç§ä¸­æ–‡è¯å‘é‡ã€å…¬å¸åå­—å¤§å…¨ã€å¤è¯—è¯åº“ã€ITè¯åº“ã€è´¢ç»è¯åº“ã€æˆè¯­è¯åº“ã€åœ°åè¯åº“ã€å†å²åäººè¯åº“ã€è¯—è¯è¯åº“ã€åŒ»å­¦è¯åº“ã€é¥®é£Ÿè¯åº“ã€æ³•å¾‹è¯åº“ã€æ±½è½¦è¯åº“ã€åŠ¨ç‰©è¯åº“ã€ä¸­æ–‡èŠå¤©è¯­æ–™ã€ä¸­æ–‡è°£è¨€æ•°æ®ã€ç™¾åº¦ä¸­æ–‡é—®ç­”æ•°æ®é›†ã€å¥å­ç›¸ä¼¼åº¦åŒ¹é…ç®—æ³•é›†åˆã€bertèµ„æºã€æ–‡æœ¬ç”Ÿæˆ&æ‘˜è¦ç›¸å…³å·¥å…·ã€cocoNLPä¿¡æ¯æŠ½å–å·¥å…·ã€å›½å†…ç”µè¯å·ç æ­£åˆ™åŒ¹é…ã€æ¸…åå¤§å­¦XLORE:ä¸­è‹±æ–‡è·¨è¯­è¨€ç™¾ç§‘çŸ¥è¯†å›¾è°±ã€æ¸…åå¤§å­¦äººå·¥æ™ºèƒ½æŠ€æœ¯ç³»åˆ—æŠ¥å‘Šã€è‡ªç„¶è¯­è¨€ç”Ÿæˆã€NLUå¤ªéš¾äº†ç³»åˆ—ã€è‡ªåŠ¨å¯¹è”æ•°æ®åŠæœºå™¨äººã€ç”¨æˆ·åé»‘åå•åˆ—è¡¨ã€ç½ªåæ³•åŠ¡åè¯åŠåˆ†ç±»æ¨¡å‹ã€å¾®ä¿¡å…¬ä¼—å·è¯­æ–™ã€cs224næ·±åº¦å­¦ä¹ è‡ªç„¶è¯­è¨€å¤„ç†è¯¾ç¨‹ã€ä¸­æ–‡æ‰‹å†™æ±‰å­—è¯†åˆ«ã€ä¸­æ–‡è‡ªç„¶è¯­è¨€å¤„ç† è¯­æ–™/æ•°æ®é›†ã€å˜é‡å‘½åç¥å™¨ã€åˆ†è¯è¯­æ–™åº“+ä»£ç ã€ä»»åŠ¡å‹å¯¹è¯è‹±æ–‡æ•°æ®é›†ã€ASR è¯­éŸ³æ•°æ®é›† + åŸºäºæ·±åº¦å­¦ä¹ çš„ä¸­æ–‡è¯­éŸ³è¯†åˆ«ç³»ç»Ÿã€ç¬‘å£°æ£€æµ‹å™¨ã€Microsoftå¤šè¯­è¨€æ•°å­—/å•ä½/å¦‚æ—¥æœŸæ—¶é—´è¯†åˆ«åŒ…ã€ä¸­åæ–°åå­—å…¸æ•°æ®åº“åŠapi(åŒ…æ‹¬å¸¸ç”¨æ­‡åè¯­ã€æˆè¯­ã€è¯è¯­å’Œæ±‰å­—)ã€æ–‡æ¡£å›¾è°±è‡ªåŠ¨ç”Ÿæˆã€SpaCy ä¸­æ–‡æ¨¡å‹ã€Common Voiceè¯­éŸ³è¯†åˆ«æ•°æ®é›†æ–°ç‰ˆã€ç¥ç»ç½‘ç»œå…³ç³»æŠ½å–ã€åŸºäºbertçš„å‘½åå®ä½“è¯†åˆ«ã€å…³é”®è¯(Keyphrase)æŠ½å–åŒ…pkeã€åŸºäºåŒ»ç–—é¢†åŸŸçŸ¥è¯†å›¾è°±çš„é—®ç­”ç³»ç»Ÿã€åŸºäºä¾å­˜å¥æ³•ä¸è¯­ä¹‰è§’è‰²æ ‡æ³¨çš„äº‹ä»¶ä¸‰å…ƒç»„æŠ½å–ã€ä¾å­˜å¥æ³•åˆ†æ4ä¸‡å¥é«˜è´¨é‡æ ‡æ³¨æ•°æ®ã€cnocrï¼šç”¨æ¥åšä¸­æ–‡OCRçš„Python3åŒ…ã€ä¸­æ–‡äººç‰©å…³ç³»çŸ¥è¯†å›¾è°±é¡¹ç›®ã€ä¸­æ–‡nlpç«èµ›é¡¹ç›®åŠä»£ç æ±‡æ€»ã€ä¸­æ–‡å­—ç¬¦æ•°æ®ã€speech-aligner: ä»â€œäººå£°è¯­éŸ³â€åŠå…¶â€œè¯­è¨€æ–‡æœ¬â€äº§ç”ŸéŸ³ç´ çº§åˆ«æ—¶é—´å¯¹é½æ ‡æ³¨çš„å·¥å…·ã€AmpliGraph: çŸ¥è¯†å›¾è°±è¡¨ç¤ºå­¦ä¹ (Python)åº“ï¼šçŸ¥è¯†å›¾è°±æ¦‚å¿µé“¾æ¥é¢„æµ‹ã€Scattertext æ–‡æœ¬å¯è§†åŒ–(python)ã€è¯­è¨€/çŸ¥è¯†è¡¨ç¤ºå·¥å…·ï¼šBERT & ERNIEã€ä¸­æ–‡å¯¹æ¯”è‹±æ–‡è‡ªç„¶è¯­è¨€å¤„ç†NLPçš„åŒºåˆ«ç»¼è¿°ã€Synonymsä¸­æ–‡è¿‘ä¹‰è¯å·¥å…·åŒ…ã€HarvestTexté¢†åŸŸè‡ªé€‚åº”æ–‡æœ¬æŒ–æ˜å·¥å…·ï¼ˆæ–°è¯å‘ç°-æƒ…æ„Ÿåˆ†æ-å®ä½“é“¾æ¥ç­‰ï¼‰ã€word2wordï¼š(Python)æ–¹ä¾¿æ˜“ç”¨çš„å¤šè¯­è¨€è¯-è¯å¯¹é›†ï¼š62ç§è¯­è¨€/3,564ä¸ªå¤šè¯­è¨€å¯¹ã€è¯­éŸ³è¯†åˆ«è¯­æ–™ç”Ÿæˆå·¥å…·ï¼šä»å…·æœ‰éŸ³é¢‘/å­—å¹•çš„åœ¨çº¿è§†é¢‘åˆ›å»ºè‡ªåŠ¨è¯­éŸ³è¯†åˆ«(ASR)è¯­æ–™åº“ã€æ„å»ºåŒ»ç–—å®ä½“è¯†åˆ«çš„æ¨¡å‹ï¼ˆåŒ…å«è¯å…¸å’Œè¯­æ–™æ ‡æ³¨ï¼‰ã€å•æ–‡æ¡£éç›‘ç£çš„å…³é”®è¯æŠ½å–ã€Kashgariä¸­ä½¿ç”¨gpt-2è¯­è¨€æ¨¡å‹ã€å¼€æºçš„é‡‘èæŠ•èµ„æ•°æ®æå–å·¥å…·ã€æ–‡æœ¬è‡ªåŠ¨æ‘˜è¦åº“TextTeaser: ä»…æ”¯æŒè‹±æ–‡ã€äººæ°‘æ—¥æŠ¥è¯­æ–™å¤„ç†å·¥å…·é›†ã€ä¸€äº›å…³äºè‡ªç„¶è¯­è¨€çš„åŸºæœ¬æ¨¡å‹ã€åŸºäº14Wæ­Œæ›²çŸ¥è¯†åº“çš„é—®ç­”å°è¯•--åŠŸèƒ½åŒ…æ‹¬æ­Œè¯æ¥é¾™andå·²çŸ¥æ­Œè¯æ‰¾æ­Œæ›²ä»¥åŠæ­Œæ›²æ­Œæ‰‹æ­Œè¯ä¸‰è§’å…³ç³»çš„é—®ç­”ã€åŸºäºSiamese bilstmæ¨¡å‹çš„ç›¸ä¼¼å¥å­åˆ¤å®šæ¨¡å‹å¹¶æä¾›è®­ç»ƒæ•°æ®é›†å’Œæµ‹è¯•æ•°æ®é›†ã€ç”¨Transformerç¼–è§£ç æ¨¡å‹å®ç°çš„æ ¹æ®Hacker Newsæ–‡ç« æ ‡é¢˜è‡ªåŠ¨ç”Ÿæˆè¯„è®ºã€ç”¨BERTè¿›è¡Œåºåˆ—æ ‡è®°å’Œæ–‡æœ¬åˆ†ç±»çš„æ¨¡æ¿ä»£ç ã€LitBankï¼šNLPæ•°æ®é›†â€”â€”æ”¯æŒè‡ªç„¶è¯­è¨€å¤„ç†å’Œè®¡ç®—äººæ–‡å­¦ç§‘ä»»åŠ¡çš„100éƒ¨å¸¦æ ‡è®°è‹±æ–‡å°è¯´è¯­æ–™ã€ç™¾åº¦å¼€æºçš„åŸºå‡†ä¿¡æ¯æŠ½å–ç³»ç»Ÿã€è™šå‡æ–°é—»æ•°æ®é›†ã€Facebook: LAMAè¯­è¨€æ¨¡å‹åˆ†æï¼Œæä¾›Transformer-XL/BERT/ELMo/GPTé¢„è®­ç»ƒè¯­è¨€æ¨¡å‹çš„ç»Ÿä¸€è®¿é—®æ¥å£ã€CommonsenseQAï¼šé¢å‘å¸¸è¯†çš„è‹±æ–‡QAæŒ‘æˆ˜ã€ä¸­æ–‡çŸ¥è¯†å›¾è°±èµ„æ–™ã€æ•°æ®åŠå·¥å…·ã€å„å¤§å…¬å¸å†…éƒ¨é‡Œå¤§ç‰›åˆ†äº«çš„æŠ€æœ¯æ–‡æ¡£ PDF æˆ–è€… PPTã€è‡ªç„¶è¯­è¨€ç”ŸæˆSQLè¯­å¥ï¼ˆè‹±æ–‡ï¼‰ã€ä¸­æ–‡NLPæ•°æ®å¢å¼ºï¼ˆEDAï¼‰å·¥å…·ã€è‹±æ–‡NLPæ•°æ®å¢å¼ºå·¥å…· ã€åŸºäºåŒ»è¯çŸ¥è¯†å›¾è°±çš„æ™ºèƒ½é—®ç­”ç³»ç»Ÿã€äº¬ä¸œå•†å“çŸ¥è¯†å›¾è°±ã€åŸºäºmongodbå­˜å‚¨çš„å†›äº‹é¢†åŸŸçŸ¥è¯†å›¾è°±é—®ç­”é¡¹ç›®ã€åŸºäºè¿œç›‘ç£çš„ä¸­æ–‡å…³ç³»æŠ½å–ã€è¯­éŸ³æƒ…æ„Ÿåˆ†æã€ä¸­æ–‡ULMFiT-æƒ…æ„Ÿåˆ†æ-æ–‡æœ¬åˆ†ç±»-è¯­æ–™åŠæ¨¡å‹ã€ä¸€ä¸ªæ‹ç…§åšé¢˜ç¨‹åºã€ä¸–ç•Œå„å›½å¤§è§„æ¨¡äººååº“ã€ä¸€ä¸ªåˆ©ç”¨æœ‰è¶£ä¸­æ–‡è¯­æ–™åº“ qingyun è®­ç»ƒå‡ºæ¥çš„ä¸­æ–‡èŠå¤©æœºå™¨äººã€ä¸­æ–‡èŠå¤©æœºå™¨äººseqGANã€çœå¸‚åŒºé•‡è¡Œæ”¿åŒºåˆ’æ•°æ®å¸¦æ‹¼éŸ³æ ‡æ³¨ã€æ•™è‚²è¡Œä¸šæ–°é—»è¯­æ–™åº“åŒ…å«è‡ªåŠ¨æ–‡æ‘˜åŠŸèƒ½ã€å¼€æ”¾äº†å¯¹è¯æœºå™¨äºº-çŸ¥è¯†å›¾è°±-è¯­ä¹‰ç†è§£-è‡ªç„¶è¯­è¨€å¤„ç†å·¥å…·åŠæ•°æ®ã€ä¸­æ–‡çŸ¥è¯†å›¾è°±ï¼šåŸºäºç™¾åº¦ç™¾ç§‘ä¸­æ–‡é¡µé¢-æŠ½å–ä¸‰å…ƒç»„ä¿¡æ¯-æ„å»ºä¸­æ–‡çŸ¥è¯†å›¾è°±ã€masr: ä¸­æ–‡è¯­éŸ³è¯†åˆ«-æä¾›é¢„è®­ç»ƒæ¨¡å‹-é«˜è¯†åˆ«ç‡ã€PythonéŸ³é¢‘æ•°æ®å¢å¹¿åº“ã€ä¸­æ–‡å…¨è¯è¦†ç›–BERTåŠä¸¤ä»½é˜…è¯»ç†è§£æ•°æ®ã€ConvLabï¼šå¼€æºå¤šåŸŸç«¯åˆ°ç«¯å¯¹è¯ç³»ç»Ÿå¹³å°ã€ä¸­æ–‡è‡ªç„¶è¯­è¨€å¤„ç†æ•°æ®é›†ã€åŸºäºæœ€æ–°ç‰ˆæœ¬rasaæ­å»ºçš„å¯¹è¯ç³»ç»Ÿã€åŸºäºTensorFlowå’ŒBERTçš„ç®¡é“å¼å®ä½“åŠå…³ç³»æŠ½å–ã€ä¸€ä¸ªå°å‹çš„è¯åˆ¸çŸ¥è¯†å›¾è°±/çŸ¥è¯†åº“ã€å¤ç›˜æ‰€æœ‰NLPæ¯”èµ›çš„TOPæ–¹æ¡ˆã€OpenCLaPï¼šå¤šé¢†åŸŸå¼€æºä¸­æ–‡é¢„è®­ç»ƒè¯­è¨€æ¨¡å‹ä»“åº“ã€UERï¼šåŸºäºä¸åŒè¯­æ–™+ç¼–ç å™¨+ç›®æ ‡ä»»åŠ¡çš„ä¸­æ–‡é¢„è®­ç»ƒæ¨¡å‹ä»“åº“ã€ä¸­æ–‡è‡ªç„¶è¯­è¨€å¤„ç†å‘é‡åˆé›†ã€åŸºäºé‡‘è-å¸æ³•é¢†åŸŸ(å…¼æœ‰é—²èŠæ€§è´¨)çš„èŠå¤©æœºå™¨äººã€g2pCï¼šåŸºäºä¸Šä¸‹æ–‡çš„æ±‰è¯­è¯»éŸ³è‡ªåŠ¨æ ‡è®°æ¨¡å—ã€Zincbase çŸ¥è¯†å›¾è°±æ„å»ºå·¥å…·åŒ…ã€è¯—æ­Œè´¨é‡è¯„ä»·/ç»†ç²’åº¦æƒ…æ„Ÿè¯—æ­Œè¯­æ–™åº“ã€å¿«é€Ÿè½¬åŒ–ã€Œä¸­æ–‡æ•°å­—ã€å’Œã€Œé˜¿æ‹‰ä¼¯æ•°å­—ã€ã€ç™¾åº¦çŸ¥é“é—®ç­”è¯­æ–™åº“ã€åŸºäºçŸ¥è¯†å›¾è°±çš„é—®ç­”ç³»ç»Ÿã€jieba_fast åŠ é€Ÿç‰ˆçš„jiebaã€æ­£åˆ™è¡¨è¾¾å¼æ•™ç¨‹ã€ä¸­æ–‡é˜…è¯»ç†è§£æ•°æ®é›†ã€åŸºäºBERTç­‰æœ€æ–°è¯­è¨€æ¨¡å‹çš„æŠ½å–å¼æ‘˜è¦æå–ã€Pythonåˆ©ç”¨æ·±åº¦å­¦ä¹ è¿›è¡Œæ–‡æœ¬æ‘˜è¦çš„ç»¼åˆæŒ‡å—ã€çŸ¥è¯†å›¾è°±æ·±åº¦å­¦ä¹ ç›¸å…³èµ„æ–™æ•´ç†ã€ç»´åŸºå¤§è§„æ¨¡å¹³è¡Œæ–‡æœ¬è¯­æ–™ã€StanfordNLP 0.2.0ï¼šçº¯Pythonç‰ˆè‡ªç„¶è¯­è¨€å¤„ç†åŒ…ã€NeuralNLP-NeuralClassifierï¼šè…¾è®¯å¼€æºæ·±åº¦å­¦ä¹ æ–‡æœ¬åˆ†ç±»å·¥å…·ã€ç«¯åˆ°ç«¯çš„å°é—­åŸŸå¯¹è¯ç³»ç»Ÿã€ä¸­æ–‡å‘½åå®ä½“è¯†åˆ«ï¼šNeuroNER vs. BertNERã€æ–°é—»äº‹ä»¶çº¿ç´¢æŠ½å–ã€2019å¹´ç™¾åº¦çš„ä¸‰å…ƒç»„æŠ½å–æ¯”èµ›ï¼šâ€œç§‘å­¦ç©ºé—´é˜Ÿâ€æºç ã€åŸºäºä¾å­˜å¥æ³•çš„å¼€æ”¾åŸŸæ–‡æœ¬çŸ¥è¯†ä¸‰å…ƒç»„æŠ½å–å’ŒçŸ¥è¯†åº“æ„å»ºã€ä¸­æ–‡çš„GPT2è®­ç»ƒä»£ç ã€ML-NLP - æœºå™¨å­¦ä¹ (Machine Learning)NLPé¢è¯•ä¸­å¸¸è€ƒåˆ°çš„çŸ¥è¯†ç‚¹å’Œä»£ç å®ç°ã€nlp4han:ä¸­æ–‡è‡ªç„¶è¯­è¨€å¤„ç†å·¥å…·é›†(æ–­å¥/åˆ†è¯/è¯æ€§æ ‡æ³¨/ç»„å—/å¥æ³•åˆ†æ/è¯­ä¹‰åˆ†æ/NER/Nå…ƒè¯­æ³•/HMM/ä»£è¯æ¶ˆè§£/æƒ…æ„Ÿåˆ†æ/æ‹¼å†™æ£€æŸ¥ã€XLMï¼šFacebookçš„è·¨è¯­è¨€é¢„è®­ç»ƒè¯­è¨€æ¨¡å‹ã€ç”¨åŸºäºBERTçš„å¾®è°ƒå’Œç‰¹å¾æå–æ–¹æ³•æ¥è¿›è¡ŒçŸ¥è¯†å›¾è°±ç™¾åº¦ç™¾ç§‘äººç‰©è¯æ¡å±æ€§æŠ½å–ã€ä¸­æ–‡è‡ªç„¶è¯­è¨€å¤„ç†ç›¸å…³çš„å¼€æ”¾ä»»åŠ¡-æ•°æ®é›†-å½“å‰æœ€ä½³ç»“æœã€CoupletAI - åŸºäºCNN+Bi-LSTM+Attention çš„è‡ªåŠ¨å¯¹å¯¹è”ç³»ç»Ÿã€æŠ½è±¡çŸ¥è¯†å›¾è°±ã€MiningZhiDaoQACorpus - 580ä¸‡ç™¾åº¦çŸ¥é“é—®ç­”æ•°æ®æŒ–æ˜é¡¹ç›®ã€brat rapid annotation tool: åºåˆ—æ ‡æ³¨å·¥å…·ã€å¤§è§„æ¨¡ä¸­æ–‡çŸ¥è¯†å›¾è°±æ•°æ®ï¼š1.4äº¿å®ä½“ã€æ•°æ®å¢å¼ºåœ¨æœºå™¨ç¿»è¯‘åŠå…¶ä»–nlpä»»åŠ¡ä¸­çš„åº”ç”¨åŠæ•ˆæœã€allennlpé˜…è¯»ç†è§£:æ”¯æŒå¤šç§æ•°æ®å’Œæ¨¡å‹ã€PDFè¡¨æ ¼æ•°æ®æå–å·¥å…· ã€ Graphbrainï¼šAIå¼€æºè½¯ä»¶åº“å’Œç§‘ç ”å·¥å…·ï¼Œç›®çš„æ˜¯ä¿ƒè¿›è‡ªåŠ¨æ„ä¹‰æå–å’Œæ–‡æœ¬ç†è§£ä»¥åŠçŸ¥è¯†çš„æ¢ç´¢å’Œæ¨æ–­ã€ç®€å†è‡ªåŠ¨ç­›é€‰ç³»ç»Ÿã€åŸºäºå‘½åå®ä½“è¯†åˆ«çš„ç®€å†è‡ªåŠ¨æ‘˜è¦ã€ä¸­æ–‡è¯­è¨€ç†è§£æµ‹è¯„åŸºå‡†ï¼ŒåŒ…æ‹¬ä»£è¡¨æ€§çš„æ•°æ®é›†&åŸºå‡†æ¨¡å‹&è¯­æ–™åº“&æ’è¡Œæ¦œã€æ ‘æ´ OCR æ–‡å­—è¯†åˆ« ã€ä»åŒ…å«è¡¨æ ¼çš„æ‰«æå›¾ç‰‡ä¸­è¯†åˆ«è¡¨æ ¼å’Œæ–‡å­—ã€è¯­å£°è¿ç§»ã€Pythonå£è¯­è‡ªç„¶è¯­è¨€å¤„ç†å·¥å…·é›†(è‹±æ–‡)ã€ similarityï¼šç›¸ä¼¼åº¦è®¡ç®—å·¥å…·åŒ…ï¼Œjavaç¼–å†™ã€æµ·é‡ä¸­æ–‡é¢„è®­ç»ƒALBERTæ¨¡å‹ ã€Transformers 2.0 ã€åŸºäºå¤§è§„æ¨¡éŸ³é¢‘æ•°æ®é›†Audiosetçš„éŸ³é¢‘å¢å¼º ã€Poplarï¼šç½‘é¡µç‰ˆè‡ªç„¶è¯­è¨€æ ‡æ³¨å·¥å…·ã€å›¾ç‰‡æ–‡å­—å»é™¤ï¼Œå¯ç”¨äºæ¼«ç”»ç¿»è¯‘ ã€186ç§è¯­è¨€çš„æ•°å­—å«æ³•åº“ã€Amazonå‘å¸ƒåŸºäºçŸ¥è¯†çš„äºº-äººå¼€æ”¾é¢†åŸŸå¯¹è¯æ•°æ®é›† ã€ä¸­æ–‡æ–‡æœ¬çº é”™æ¨¡å—ä»£ç ã€ç¹ç®€ä½“è½¬æ¢ ã€ Pythonå®ç°çš„å¤šç§æ–‡æœ¬å¯è¯»æ€§è¯„ä»·æŒ‡æ ‡ã€ç±»ä¼¼äºäººå/åœ°å/ç»„ç»‡æœºæ„åçš„å‘½åä½“è¯†åˆ«æ•°æ®é›† ã€ä¸œå—å¤§å­¦ã€ŠçŸ¥è¯†å›¾è°±ã€‹ç ”ç©¶ç”Ÿè¯¾ç¨‹(èµ„æ–™)ã€. è‹±æ–‡æ‹¼å†™æ£€æŸ¥åº“ ã€ wwsearchæ˜¯ä¼ä¸šå¾®ä¿¡åå°è‡ªç ”çš„å…¨æ–‡æ£€ç´¢å¼•æ“ã€CHAMELEONï¼šæ·±åº¦å­¦ä¹ æ–°é—»æ¨èç³»ç»Ÿå…ƒæ¶æ„ ã€ 8ç¯‡è®ºæ–‡æ¢³ç†BERTç›¸å…³æ¨¡å‹è¿›å±•ä¸åæ€ã€DocSearchï¼šå…è´¹æ–‡æ¡£æœç´¢å¼•æ“ã€ LIDAï¼šè½»é‡äº¤äº’å¼å¯¹è¯æ ‡æ³¨å·¥å…· ã€aili - the fastest in-memory index in the East ä¸œåŠçƒæœ€å¿«å¹¶å‘ç´¢å¼• ã€çŸ¥è¯†å›¾è°±è½¦éŸ³å·¥ä½œé¡¹ç›®ã€è‡ªç„¶è¯­è¨€ç”Ÿæˆèµ„æºå¤§å…¨ ã€ä¸­æ—¥éŸ©åˆ†è¯åº“mecabçš„Pythonæ¥å£åº“ã€ä¸­æ–‡æ–‡æœ¬æ‘˜è¦/å…³é”®è¯æå–ã€æ±‰å­—å­—ç¬¦ç‰¹å¾æå–å™¨ (featurizer)ï¼Œæå–æ±‰å­—çš„ç‰¹å¾ï¼ˆå‘éŸ³ç‰¹å¾ã€å­—å½¢ç‰¹å¾ï¼‰ç”¨åšæ·±åº¦å­¦ä¹ çš„ç‰¹å¾ã€ä¸­æ–‡ç”Ÿæˆä»»åŠ¡åŸºå‡†æµ‹è¯„ ã€ä¸­æ–‡ç¼©å†™æ•°æ®é›†ã€ä¸­æ–‡ä»»åŠ¡åŸºå‡†æµ‹è¯„ - ä»£è¡¨æ€§çš„æ•°æ®é›†-åŸºå‡†(é¢„è®­ç»ƒ)æ¨¡å‹-è¯­æ–™åº“-baseline-å·¥å…·åŒ…-æ’è¡Œæ¦œã€PySS3ï¼šé¢å‘å¯è§£é‡ŠAIçš„SS3æ–‡æœ¬åˆ†ç±»å™¨æœºå™¨å¯è§†åŒ–å·¥å…· ã€ä¸­æ–‡NLPæ•°æ®é›†åˆ—è¡¨ã€COPE - æ ¼å¾‹è¯—ç¼–è¾‘ç¨‹åºã€doccanoï¼šåŸºäºç½‘é¡µçš„å¼€æºååŒå¤šè¯­è¨€æ–‡æœ¬æ ‡æ³¨å·¥å…· ã€PreNLPï¼šè‡ªç„¶è¯­è¨€é¢„å¤„ç†åº“ã€ç®€å•çš„ç®€å†è§£æå™¨ï¼Œç”¨æ¥ä»ç®€å†ä¸­æå–å…³é”®ä¿¡æ¯ã€ç”¨äºä¸­æ–‡é—²èŠçš„GPT2æ¨¡å‹ï¼šGPT2-chitchatã€åŸºäºæ£€ç´¢èŠå¤©æœºå™¨äººå¤šè½®å“åº”é€‰æ‹©ç›¸å…³èµ„æºåˆ—è¡¨(Leaderboardsã€Datasetsã€Papers)ã€(Colab)æŠ½è±¡æ–‡æœ¬æ‘˜è¦å®ç°é›†é”¦(æ•™ç¨‹ ã€è¯è¯­æ‹¼éŸ³æ•°æ®ã€é«˜æ•ˆæ¨¡ç³Šæœç´¢å·¥å…·ã€NLPæ•°æ®å¢å¹¿èµ„æºé›†ã€å¾®è½¯å¯¹è¯æœºå™¨äººæ¡†æ¶ ã€ GitHub Typo Corpusï¼šå¤§è§„æ¨¡GitHubå¤šè¯­è¨€æ‹¼å†™é”™è¯¯/è¯­æ³•é”™è¯¯æ•°æ®é›†ã€TextClusterï¼šçŸ­æ–‡æœ¬èšç±»é¢„å¤„ç†æ¨¡å— Short text clusterã€é¢å‘è¯­éŸ³è¯†åˆ«çš„ä¸­æ–‡æ–‡æœ¬è§„èŒƒåŒ–ã€BLINKï¼šæœ€å…ˆè¿›çš„å®ä½“é“¾æ¥åº“ã€BertPuncï¼šåŸºäºBERTçš„æœ€å…ˆè¿›æ ‡ç‚¹ä¿®å¤æ¨¡å‹ã€Tokenizerï¼šå¿«é€Ÿã€å¯å®šåˆ¶çš„æ–‡æœ¬è¯æ¡åŒ–åº“ã€ä¸­æ–‡è¯­è¨€ç†è§£æµ‹è¯„åŸºå‡†ï¼ŒåŒ…æ‹¬ä»£è¡¨æ€§çš„æ•°æ®é›†ã€åŸºå‡†(é¢„è®­ç»ƒ)æ¨¡å‹ã€è¯­æ–™åº“ã€æ’è¡Œæ¦œã€spaCy åŒ»å­¦æ–‡æœ¬æŒ–æ˜ä¸ä¿¡æ¯æå– ã€ NLPä»»åŠ¡ç¤ºä¾‹é¡¹ç›®ä»£ç é›†ã€ pythonæ‹¼å†™æ£€æŸ¥åº“ã€chatbot-list - è¡Œä¸šå†…å…³äºæ™ºèƒ½å®¢æœã€èŠå¤©æœºå™¨äººçš„åº”ç”¨å’Œæ¶æ„ã€ç®—æ³•åˆ†äº«å’Œä»‹ç»ã€è¯­éŸ³è´¨é‡è¯„ä»·æŒ‡æ ‡(MOSNet, BSSEval, STOI, PESQ, SRMR)ã€ ç”¨138GBè¯­æ–™è®­ç»ƒçš„æ³•æ–‡RoBERTaé¢„è®­ç»ƒè¯­è¨€æ¨¡å‹ ã€BERT-NER-Pytorchï¼šä¸‰ç§ä¸åŒæ¨¡å¼çš„BERTä¸­æ–‡NERå®éªŒã€æ— é“è¯å…¸ - æœ‰é“è¯å…¸çš„å‘½ä»¤è¡Œç‰ˆæœ¬ï¼Œæ”¯æŒè‹±æ±‰äº’æŸ¥å’Œåœ¨çº¿æŸ¥è¯¢ã€2019å¹´NLPäº®ç‚¹å›é¡¾ã€ Chinese medical dialogue data ä¸­æ–‡åŒ»ç–—å¯¹è¯æ•°æ®é›† ã€æœ€å¥½çš„æ±‰å­—æ•°å­—(ä¸­æ–‡æ•°å­—)-é˜¿æ‹‰ä¼¯æ•°å­—è½¬æ¢å·¥å…·ã€ åŸºäºç™¾ç§‘çŸ¥è¯†åº“çš„ä¸­æ–‡è¯è¯­å¤šè¯ä¹‰/ä¹‰é¡¹è·å–ä¸ç‰¹å®šå¥å­è¯è¯­è¯­ä¹‰æ¶ˆæ­§ã€awesome-nlp-sentiment-analysis - æƒ…æ„Ÿåˆ†æã€æƒ…ç»ªåŸå› è¯†åˆ«ã€è¯„ä»·å¯¹è±¡å’Œè¯„ä»·è¯æŠ½å–ã€LineFlowï¼šé¢å‘æ‰€æœ‰æ·±åº¦å­¦ä¹ æ¡†æ¶çš„NLPæ•°æ®é«˜æ•ˆåŠ è½½å™¨ã€ä¸­æ–‡åŒ»å­¦NLPå…¬å¼€èµ„æºæ•´ç† ã€MedQuADï¼š(è‹±æ–‡)åŒ»å­¦é—®ç­”æ•°æ®é›†ã€å°†è‡ªç„¶è¯­è¨€æ•°å­—ä¸²è§£æè½¬æ¢ä¸ºæ•´æ•°å’Œæµ®ç‚¹æ•°ã€Transfer Learning in Natural Language Processing (NLP) ã€é¢å‘è¯­éŸ³è¯†åˆ«çš„ä¸­æ–‡/è‹±æ–‡å‘éŸ³è¾å…¸ã€Tokenizersï¼šæ³¨é‡æ€§èƒ½ä¸å¤šåŠŸèƒ½æ€§çš„æœ€å…ˆè¿›åˆ†è¯å™¨ã€CLUENER ç»†ç²’åº¦å‘½åå®ä½“è¯†åˆ« Fine Grained Named Entity Recognitionã€ åŸºäºBERTçš„ä¸­æ–‡å‘½åå®ä½“è¯†åˆ«ã€ä¸­æ–‡è°£è¨€æ•°æ®åº“ã€NLPæ•°æ®é›†/åŸºå‡†ä»»åŠ¡å¤§åˆ—è¡¨ã€nlpç›¸å…³çš„ä¸€äº›è®ºæ–‡åŠä»£ç , åŒ…æ‹¬ä¸»é¢˜æ¨¡å‹ã€è¯å‘é‡(Word Embedding)ã€å‘½åå®ä½“è¯†åˆ«(NER)ã€æ–‡æœ¬åˆ†ç±»(Text Classificatin)ã€æ–‡æœ¬ç”Ÿæˆ(Text Generation)ã€æ–‡æœ¬ç›¸ä¼¼æ€§(Text Similarity)è®¡ç®—ç­‰ï¼Œæ¶‰åŠåˆ°å„ç§ä¸nlpç›¸å…³çš„ç®—æ³•ï¼ŒåŸºäºkeraså’Œtensorflow ã€Pythonæ–‡æœ¬æŒ–æ˜/NLPå®æˆ˜ç¤ºä¾‹ã€ Blackstoneï¼šé¢å‘éç»“æ„åŒ–æ³•å¾‹æ–‡æœ¬çš„spaCy pipelineå’ŒNLPæ¨¡å‹é€šè¿‡åŒä¹‰è¯æ›¿æ¢å®ç°æ–‡æœ¬â€œå˜è„¸â€ ã€ä¸­æ–‡ é¢„è®­ç»ƒ ELECTREA æ¨¡å‹: åŸºäºå¯¹æŠ—å­¦ä¹  pretrain Chinese Model ã€albert-chinese-ner - ç”¨é¢„è®­ç»ƒè¯­è¨€æ¨¡å‹ALBERTåšä¸­æ–‡NER ã€åŸºäºGPT2çš„ç‰¹å®šä¸»é¢˜æ–‡æœ¬ç”Ÿæˆ/æ–‡æœ¬å¢å¹¿ã€å¼€æºé¢„è®­ç»ƒè¯­è¨€æ¨¡å‹åˆé›†ã€å¤šè¯­è¨€å¥å‘é‡åŒ…ã€ç¼–ç ã€æ ‡è®°å’Œå®ç°ï¼šä¸€ç§å¯æ§é«˜æ•ˆçš„æ–‡æœ¬ç”Ÿæˆæ–¹æ³•ã€ è‹±æ–‡è„è¯å¤§åˆ—è¡¨ ã€attnvisï¼šGPT2ã€BERTç­‰transformerè¯­è¨€æ¨¡å‹æ³¨æ„åŠ›äº¤äº’å¯è§†åŒ–ã€CoVoSTï¼šFacebookå‘å¸ƒçš„å¤šè¯­ç§è¯­éŸ³-æ–‡æœ¬ç¿»è¯‘è¯­æ–™åº“ï¼ŒåŒ…æ‹¬11ç§è¯­è¨€(æ³•è¯­ã€å¾·è¯­ã€è·å…°è¯­ã€ä¿„è¯­ã€è¥¿ç­ç‰™è¯­ã€æ„å¤§åˆ©è¯­ã€åœŸè€³å…¶è¯­ã€æ³¢æ–¯è¯­ã€ç‘å…¸è¯­ã€è’™å¤è¯­å’Œä¸­æ–‡)çš„è¯­éŸ³ã€æ–‡å­—è½¬å½•åŠè‹±æ–‡è¯‘æ–‡ã€Jiaguè‡ªç„¶è¯­è¨€å¤„ç†å·¥å…· - ä»¥BiLSTMç­‰æ¨¡å‹ä¸ºåŸºç¡€ï¼Œæä¾›çŸ¥è¯†å›¾è°±å…³ç³»æŠ½å– ä¸­æ–‡åˆ†è¯ è¯æ€§æ ‡æ³¨ å‘½åå®ä½“è¯†åˆ« æƒ…æ„Ÿåˆ†æ æ–°è¯å‘ç° å…³é”®è¯ æ–‡æœ¬æ‘˜è¦ æ–‡æœ¬èšç±»ç­‰åŠŸèƒ½ã€ç”¨unetå®ç°å¯¹æ–‡æ¡£è¡¨æ ¼çš„è‡ªåŠ¨æ£€æµ‹ï¼Œè¡¨æ ¼é‡å»ºã€NLPäº‹ä»¶æå–æ–‡çŒ®èµ„æºåˆ—è¡¨ ã€ é‡‘èé¢†åŸŸè‡ªç„¶è¯­è¨€å¤„ç†ç ”ç©¶èµ„æºå¤§åˆ—è¡¨ã€CLUEDatasetSearch - ä¸­è‹±æ–‡NLPæ•°æ®é›†ï¼šæœç´¢æ‰€æœ‰ä¸­æ–‡NLPæ•°æ®é›†ï¼Œé™„å¸¸ç”¨è‹±æ–‡NLPæ•°æ®é›† ã€medical_NER - ä¸­æ–‡åŒ»å­¦çŸ¥è¯†å›¾è°±å‘½åå®ä½“è¯†åˆ« ã€(å“ˆä½›)è®²å› æœæ¨ç†çš„å…è´¹ä¹¦ã€çŸ¥è¯†å›¾è°±ç›¸å…³å­¦ä¹ èµ„æ–™/æ•°æ®é›†/å·¥å…·èµ„æºå¤§åˆ—è¡¨ã€Forteï¼šçµæ´»å¼ºå¤§çš„è‡ªç„¶è¯­è¨€å¤„ç†pipelineå·¥å…·é›† ã€Pythonå­—ç¬¦ä¸²ç›¸ä¼¼æ€§ç®—æ³•åº“ã€PyLaiaï¼šé¢å‘æ‰‹å†™æ–‡æ¡£åˆ†æçš„æ·±åº¦å­¦ä¹ å·¥å…·åŒ…ã€TextFoolerï¼šé’ˆå¯¹æ–‡æœ¬åˆ†ç±»/æ¨ç†çš„å¯¹æŠ—æ–‡æœ¬ç”Ÿæˆæ¨¡å—ã€Haystackï¼šçµæ´»ã€å¼ºå¤§çš„å¯æ‰©å±•é—®ç­”(QA)æ¡†æ¶ã€ä¸­æ–‡å…³é”®çŸ­è¯­æŠ½å–å·¥å…·"
1,TypeScript,developer-roadmap,181981,26147,8027,TypeScript,https://github.com/kamranahmedse/developer-roadmap,kamranahmedse,234,0,82,556,2017-03-15T13:45:52Z,2021-12-31T13:30:05Z,Roadmap to becoming a developer in 2021
2,TypeScript,vscode,125852,21106,3117,TypeScript,https://github.com/microsoft/vscode,microsoft,10962,171,5160,125680,2015-09-03T20:23:38Z,2021-12-31T13:36:50Z,Visual Studio Code
3,TypeScript,angular,78542,20626,3111,TypeScript,https://github.com/angular/angular,angular,20282,80,1742,23463,2014-09-18T16:12:01Z,2021-12-31T13:43:45Z,The modern web developerâ€™s platform
4,TypeScript,TypeScript,76958,10068,2133,TypeScript,https://github.com/microsoft/TypeScript,microsoft,13981,153,5091,32389,2014-06-17T15:28:39Z,2021-12-31T13:21:26Z,TypeScript is a superset of JavaScript that compiles to clean JavaScript output.
5,TypeScript,ant-design,76730,31898,152,TypeScript,https://github.com/ant-design/ant-design,ant-design,10043,2,746,22783,2015-04-24T15:37:24Z,2021-12-31T12:37:46Z,An enterprise-class UI design language and React UI library
6,TypeScript,puppeteer,75381,7993,1244,TypeScript,https://github.com/puppeteer/puppeteer,puppeteer,2613,3,1757,5150,2017-05-09T22:16:13Z,2021-12-31T13:50:27Z,Headless Chrome Node.js API
7,TypeScript,storybook,67746,6944,929,TypeScript,https://github.com/storybookjs/storybook,storybookjs,7827,69,1533,8509,2016-03-18T04:23:44Z,2021-12-31T13:21:08Z,"ğŸ““ The UI component explorer. Develop, document, & test React, Vue, Angular, Web Components, Ember, Svelte & more!"
8,TypeScript,redux,57268,15010,1363,TypeScript,https://github.com/reduxjs/redux,reduxjs,2246,4,34,1921,2015-05-29T23:53:15Z,2021-12-31T09:50:17Z,Predictable state container for JavaScript apps
9,TypeScript,socket.io,54982,9945,1591,TypeScript,https://github.com/socketio/socket.io,socketio,803,36,112,3143,2010-03-11T18:24:48Z,2021-12-31T08:44:28Z,Realtime application framework (Node.JS server)
10,TypeScript,svelte,54308,2614,871,TypeScript,https://github.com/sveltejs/svelte,sveltejs,2872,7,511,4077,2016-11-20T18:13:05Z,2021-12-31T13:43:14Z,Cybernetically enhanced web apps
11,TypeScript,code-server,50719,4190,700,TypeScript,https://github.com/coder/code-server,coder,1158,33,240,2672,2019-02-27T16:50:41Z,2021-12-31T13:44:25Z,VS Code in the browser
12,TypeScript,echarts,49256,18451,2037,TypeScript,https://github.com/apache/echarts,apache,1271,26,1908,15002,2013-04-03T03:18:59Z,2021-12-31T09:02:32Z,"Apache ECharts is a powerful, interactive charting and data visualization library for browser"
13,TypeScript,grafana,46210,9154,1222,TypeScript,https://github.com/grafana/grafana,grafana,19871,262,1930,22676,2013-12-11T15:59:56Z,2021-12-31T13:09:25Z,"The open and composable observability and data visualization platform. Visualize metrics, logs, and traces from multiple sources like Prometheus, Loki, Elasticsearch, InfluxDB, Postgres and many more. "
14,TypeScript,ionic-framework,45862,13491,1697,TypeScript,https://github.com/ionic-team/ionic-framework,ionic-team,4747,120,672,19530,2013-08-20T23:06:02Z,2021-12-31T12:26:19Z,"A powerful cross-platform UI toolkit for building native-quality iOS, Android, and Progressive Web Apps with HTML, CSS, and JavaScript."
15,TypeScript,react-router,45535,8841,850,TypeScript,https://github.com/remix-run/react-router,remix-run,2198,12,54,6226,2014-05-16T22:22:51Z,2021-12-31T09:45:55Z,Declarative routing for React
16,TypeScript,nest,43245,4603,677,TypeScript,https://github.com/nestjs/nest,nestjs,4663,24,45,3937,2017-02-04T20:12:52Z,2021-12-31T13:38:22Z,"A progressive Node.js framework for building efficient, scalable, and enterprise-grade server-side applications on top of TypeScript & JavaScript (ES6, ES7, ES8) ğŸš€"
17,TypeScript,superset,42837,8360,1429,TypeScript,https://github.com/apache/superset,apache,9844,9,1114,7551,2015-07-21T18:55:34Z,2021-12-31T13:13:34Z,Apache Superset is a Data Visualization and Data Exploration Platform
18,TypeScript,babel,40167,5160,834,TypeScript,https://github.com/babel/babel,babel,5680,48,620,7961,2014-09-28T13:38:23Z,2021-12-31T12:28:17Z,ğŸ  Babel is a compiler for writing next generation JavaScript.
19,TypeScript,hyper,37583,3111,467,TypeScript,https://github.com/vercel/hyper,vercel,2709,6,735,3416,2016-07-01T06:01:21Z,2021-12-31T09:56:05Z,A terminal built on web technologies
20,TypeScript,jest,37499,5536,548,TypeScript,https://github.com/facebook/jest,facebook,5524,13,1492,6594,2013-12-10T00:18:04Z,2021-12-31T12:48:56Z,Delightful JavaScript Testing.
